manufacturer,category,subcategory,gwp_total,gwp_use_ratio,yearly_tec,lifetime,use_location,gwp_error_ratio,gwp_manufacturing_ratio,assembly_location,server_type,gwp_transport_ratio,gwp_eol_ratio
Apple,Workplace,Laptop,161,0.1500,,3,WW,0.0000,0.7600,,,0.0800,
Apple,Workplace,Laptop,181,0.1500,,3,WW,0.0000,0.7600,,,0.0800,
Apple,Workplace,Laptop,174,0.1500,,3,WW,0.0000,0.7700,,,0.0700,
Apple,Workplace,Laptop,202,0.1500,,3,WW,0.0000,0.7700,,,0.0700,
Apple,Workplace,Laptop,298,0.1900,,3,WW,0.0000,0.7300,,,0.0700,
Apple,Workplace,Laptop,251,0.1900,,3,WW,0.0000,0.7300,,,0.0700,
Apple,Workplace,Laptop,212,0.1900,,3,WW,0.0000,0.7300,,,0.0700,
Apple,Workplace,Laptop,233,0.1900,,3,WW,0.0000,0.7300,,,0.0700,
Apple,Workplace,Laptop,185,0.1900,,3,WW,0.0000,0.7300,,,0.0700,
Apple,Workplace,Laptop,207,0.1900,,3,WW,0.0000,0.7300,,,0.0700,
Apple,Workplace,Laptop,217,0.1700,,3,WW,0.0000,0.7600,,,0.0600,
Apple,Workplace,Laptop,251,0.1700,,3,WW,0.0000,0.7600,,,0.0600,
Apple,Workplace,Laptop,439,0.1200,,3,WW,0.0000,0.8400,,,0.0300,
Apple,Workplace,Laptop,307,0.22,,3,WW,0.0000,0.72,,,0.0500,
Apple,Workplace,Laptop,271,0.22,,3,WW,0.0000,0.72,,,0.0500,
Apple,Workplace,Laptop,352,0.1900,,3,WW,0.0000,0.7500,,,0.0500,
Apple,Workplace,Laptop,385,0.1900,,3,WW,0.0000,0.7500,,,0.0500,
Apple,Workplace,Laptop,592,0.1700,,3,WW,0.0000,0.7900,,,0.0300,
Apple,Workplace,Laptop,382,0.27,,3,WW,0.0000,0.66,,,0.0500,
Apple,Workplace,Laptop,395,0.27,,3,WW,0.0000,0.66,,,0.0600,
Apple,Workplace,Laptop,349,0.27,,3,WW,0.0000,0.66,,,0.0600,
Apple,Workplace,Laptop,394,0.1900,,3,WW,0.0000,0.7500,,,0.0500,
Apple,Workplace,Laptop,465,0.1900,,3,WW,0.0000,0.7500,,,0.0500,
Apple,Workplace,Desktop,588,0.51,,3,WW,0.0000,0.43,,,0.0500,
Apple,Workplace,Desktop,596,0.51,,3,WW,0.0000,0.43,,,0.0500,
Apple,Workplace,Desktop,481,0.44,,3,WW,0.0000,0.45,,,0.1000,
Apple,Workplace,Desktop,486,0.44,,3,WW,0.0000,0.45,,,0.1000,
Apple,Workplace,Desktop,511,0.44,,3,WW,0.0000,0.45,,,0.1000,
Apple,Workplace,Desktop,824,0.45,,3,WW,0.0000,0.46,,,0.0800,
Apple,Workplace,Desktop,857,0.45,,3,WW,0.0000,0.46,,,0.0800,
Apple,Workplace,Desktop,858,0.45,,3,WW,0.0000,0.46,,,0.0800,
Apple,Workplace,Desktop,938,0.45,,3,WW,0.0000,0.46,,,0.0800,
Apple,Workplace,Desktop,938,0.45,,3,WW,0.0000,0.46,,,0.0800,
Apple,Workplace,Desktop,951,0.45,,3,WW,0.0000,0.46,,,0.0800,
Apple,Workplace,Smartphone,77,0.17,,3,WW,0.0000,0.7900,,,,
Apple,Workplace,Smartphone,89,0.17,,3,WW,0.0000,0.7900,,,,
Apple,Workplace,Smartphone,72,0.17,,3,WW,0.0000,0.7900,,,,
Apple,Workplace,Smartphone,75,0.14,,3,WW,0.0000,0.8300,,,,
Apple,Workplace,Smartphone,85,0.14,,3,WW,0.0000,0.8300,,,,
Apple,Workplace,Smartphone,70,0.14,,3,WW,0.0000,0.8300,,,,
Apple,Workplace,Smartphone,69,0.1200,,3,WW,0.0000,0.8400,,,,
Apple,Workplace,Smartphone,112,0.1200,,3,WW,0.0000,0.8400,,,,
Apple,Workplace,Smartphone,76,0.1200,,3,WW,0.0000,0.8400,,,,
Apple,Workplace,Smartphone,88,0.1200,,3,WW,0.0000,0.8400,,,,
Apple,Workplace,Smartphone,74,0.1500,,3,WW,0.0000,0.8000,,,,
Apple,Workplace,Smartphone,117,0.1500,,3,WW,0.0000,0.8000,,,,
Apple,Workplace,Smartphone,81,0.1500,,3,WW,0.0000,0.8000,,,,
Apple,Workplace,Smartphone,93,0.1500,,3,WW,0.0000,0.8000,,,,
Apple,Workplace,Smartphone,71,0.16,,3,WW,0.0000,0.8000,,,,
Apple,Workplace,Smartphone,57,0.16,,3,WW,0.0000,0.8000,,,,
Apple,Workplace,Smartphone,62,0.12,,3,WW,0.0000,0.8400,,,,
Apple,Workplace,Smartphone,73,0.12,,3,WW,0.0000,0.8400,,,,
Apple,Workplace,Smartphone,57,0.12,,3,WW,0.0000,0.8400,,,,
Apple,Workplace,Workstation,2765,0.67,,5,WW,0.0000,0.26,,,,
Apple,Workplace,Workstation,6994,0.67,,5,WW,0.0000,0.26,,,,
Asus,Workplace,Desktop,275,0.4620,60.53,4,,0.0000,0.4160,,,,
Asus,Workplace,Laptop,113,0.3220,,4,,0.0000,,,,,
Dell,Workplace,Monitor,626,0.2570,50.9655,6,EU,0.1693,0.6070,CN,,,
Dell,Workplace,Monitor,577,0.1930,35.2155,6,EU,0.1820,0.6590,CN,,,
Dell,Workplace,Monitor,880,0.4100,114.7155,6,EU,0.1477,0.4610,CN,,,
Dell,Workplace,Monitor,934,0.3240,95.9655,6,EU,0.1563,0.5270,CN,,,
Dell,Workplace,Monitor,442.0,0.154,20.1,6.0,EU,0.224,0.821,China,,0.023,0.001
Dell,Workplace,Monitor,584.0,0.262,48.6,6.0,EU,0.2089,0.671,China,,0,0
Dell,Workplace,Monitor,602.0,0.253,48.6,6.0,EU,0.2143,0.666,China,,0,0
Dell,Workplace,Monitor,570.0,0.21899999999999997,36.88,6.0,EU,0.2053,0.644,China,,0.129,0.008
Dell,Workplace,Monitor,642.0,0.264,53.71,6.0,EU,0.1682,0.624,China,,0,0
Dell,Workplace,Monitor,620.0,0.205,37.77,6.0,EU,0.2097,0.642,China,,0.14400000000000002,0.009000000000000001
Dell,Workplace,Monitor,790.0,0.299,75.17,6.0,EU,0.1633,0.586,China,,0,0
Dell,Workplace,Monitor,2070.0,0.408,269.72,6.0,EU,0.1657,0.371,China,,0.21,0.012
Dell,Workplace,Monitor,1530.0,0.366,177.61,6.0,EU,0.1503,0.45299999999999996,China,,0,0
Dell,Workplace,Monitor,2060.0,0.465,304.41,6.0,EU,0.135,0.387,China,,0,0
Dell,Workplace,Monitor,2770.0,0.339,298.83,6.0,EU,0.5162,0.508,China,,0,0
Dell,Workplace,Monitor,3490.0,0.496,552.97,6.0,EU,0.1507,0.282,China,,0,0
Dell,Workplace,Monitor,335.0,0.22699999999999998,24.1,6.0,EU,0.197,0.698,China,,0,0
Dell,Workplace,Monitor,433.0,0.266,36.62,6.0,EU,0.1986,0.69,China,,0,0
Dell,Workplace,Monitor,401,0.2120,27.003,6,EU,0.2045,0.7220,CN,,,
Dell,Workplace,Monitor,406,0.2100,27.003,6,EU,0.2044,0.7170,CN,,,
Dell,Workplace,Monitor,352.0,0.187,21.02,6.0,EU,0.2358,0.8059999999999999,China,,0,0
Dell,Workplace,Monitor,423,0.2240,30.1905,6,EU,0.2009,0.7080,CN,,,
Dell,Workplace,Monitor,426,0.2640,35.8155,6,EU,0.1925,0.6760,CN,,,
Dell,Workplace,Monitor,401.0,0.187,23.83,6.0,EU,0.2494,0.763,China,,0,0
Dell,Workplace,Monitor,441,0.2540,35.5995,6,EU,0.1905,0.6740,CN,,,
Dell,Workplace,Monitor,440,0.2540,35.5995,6,EU,0.1955,0.6830,CN,,,
Dell,Workplace,Monitor,361,0.2500,28.7,6,EU,0.2188,0.7010,CN,,,
Dell,Workplace,Monitor,411.0,0.232,30.31,6.0,EU,0.2117,0.708,China,,0,0
Dell,Workplace,Monitor,411.0,0.22699999999999998,29.57,6.0,EU,0.2165,0.7190000000000001,China,,0,0
Dell,Workplace,Monitor,485.0,0.263,37.99,6.0,EU,0.2371,0.6609999999999999,China,,0.071,0.004
Dell,Workplace,Monitor,551.0,0.38,66.73,6.0,EU,0.1797,0.574,China,,0.044000000000000004,0.002
Dell,Workplace,Monitor,498.0,0.272,40.02,6.0,EU,0.243,0.654,China,,0.069,0.004
Dell,Workplace,Monitor,498.0,0.271,40.02,6.0,EU,0.239,0.655,China,,0.069,0.004
Dell,Workplace,Monitor,459,0.2720,39.5655,6,EU,0.1830,0.6520,CN,,,
Dell,Workplace,Monitor,464,0.2690,39.5655,6,EU,0.1875,0.6560,CN,,,
Dell,Workplace,Monitor,464,0.2680,39.5655,6,EU,0.1832,0.6550,CN,,,
Dell,Workplace,Monitor,496,0.2750,43.3155,6,EU,0.1875,0.6470,CN,,,
Dell,Workplace,Monitor,431.0,0.237,32.43,6.0,EU,0.2019,0.687,China,,0,0
Dell,Workplace,Monitor,460.0,0.26700000000000007,23.17,6.0,EU,0.2065,0.667,China,,0,0
Dell,Workplace,Monitor,454.0,0.263,37.98,6.0,EU,0.2048,0.675,China,,0.059000000000000004,0.003
Dell,Workplace,Monitor,478.0,0.29600000000000004,45.15,6.0,EU,0.1967,0.645,China,,0.055,0.003
Dell,Workplace,Monitor,494.0,0.285,45.15,6.0,EU,0.1923,0.65,China,,0.062,0.003
Dell,Workplace,Monitor,497.0,0.213,33.81,6.0,EU,0.2012,0.684,China,,0,0
Dell,Workplace,Monitor,511.0,0.223,36.44,6.0,EU,0.1937,0.672,China,,0,0
Dell,Workplace,Monitor,455.0,0.325,47.09,6.0,EU,0.2154,0.607,China,,0.065,0.004
Dell,Workplace,Monitor,462.0,0.32,47.09,6.0,EU,0.21,0.605,China,,0.071,0.004
Dell,Workplace,Monitor,526.0,0.304,47.09,6.0,EU,0.2471,0.569,China,,0.12,0.008
Dell,Workplace,Laptop,245.0,0.152,17.7,4.0,EU,0.1796,0.804,China,,0,0
Dell,Workplace,Laptop,231.0,0.133,14.76,4.0,EU,0.1948,0.823,China,,0,0
Dell,Workplace,Laptop,216,0.1760,17.98,4,EU,0.1991,0.7700,CN,,,
Dell,Workplace,Laptop,244,0.2760,31.87,4,EU,0.1803,0.6770,CN,,,
Dell,Workplace,Laptop,243,0.1040,14.69,4,EU,0.1811,0.8590,CN,,,
Dell,Workplace,Laptop,257,0.1210,14.7,4,EU,0.1751,0.8300,CN,,,
Dell,Workplace,Laptop,230,0.1290,15.79,4,EU,0.1913,0.8230,CN,,,
Dell,Workplace,Laptop,226,0.1150,13.87,4,EU,0.1947,0.8360,CN,,,
Dell,Workplace,Laptop,293.0,0.121,16.78,4.0,EU,0.2082,0.8390000000000001,China,,0,0
Dell,Workplace,Laptop,281.0,0.11599999999999999,15.66,4.0,EU,0.21,0.849,China,,0,0
Dell,Workplace,Laptop,258,0.1850,22.54,4,EU,0.1938,0.7650,CN,,,
Dell,Workplace,Laptop,252,0.1890,22.6,4,EU,0.1984,0.7580,CN,,,
Dell,Workplace,Laptop,284.0,0.147,20.06,4.0,EU,0.2077,0.809,China,,0,0
Dell,Workplace,Laptop,279.0,0.137,18.31,4.0,EU,0.233,0.816,China,,0,0
Dell,Workplace,Laptop,322.0,0.134,20.59,4.0,EU,0.2019,0.828,China,,0,0
Dell,Workplace,Laptop,315.0,0.153,22.97,4.0,EU,0.2063,0.81,China,,0,0
Dell,Workplace,Laptop,279,0.1510,20.1,4,EU,0.1756,0.7910,CN,,,
Dell,Workplace,Laptop,286,0.1470,20.1,4,EU,0.1888,0.7980,CN,,,
Dell,Workplace,Laptop,324,0.2410,37.1,4,EU,0.1667,0.7070,CN,,,
Dell,Workplace,Laptop,243,0.1850,23.94,4,EU,0.2099,0.7650,CN,,,
Dell,Workplace,Laptop,278.0,0.14400000000000002,19.1,4.0,EU,0.2338,0.799,China,,0,0
Dell,Workplace,Laptop,340.0,0.142,24.05,4.0,EU,0.2088,0.809,China,,0,0
Dell,Workplace,Laptop,318.0,0.15,22.64,4.0,EU,0.2107,0.804,China,,0,0
Dell,Workplace,Laptop,263,0.1180,14.685,4,EU,0.2281,0.8180,CN,,,
Dell,Workplace,Laptop,298,0.1450,20.455,4,EU,0.2013,0.7990,CN,,,
Dell,Workplace,Laptop,302,0.1460,20.92,4,EU,0.1987,0.7970,CN,,,
Dell,Workplace,Laptop,311,0.2480,36.65,4,EU,0.1929,0.6930,CN,,,
Dell,Workplace,Laptop,254,0.1780,23.96,4,EU,0.2283,0.7660,CN,,,
Dell,Workplace,Laptop,235,0.1720,19.13,4,EU,0.2000,0.7740,CN,,,
Dell,Workplace,Laptop,225,0.1680,20.18,4,EU,0.2044,0.7830,CN,,,
Dell,Workplace,Laptop,258,0.2000,27.25,2,EU,0.1744,0.7720,CN,,,
Dell,Workplace,Laptop,259,0.1670,20.45,4,EU,0.1815,0.7890,CN,,,
Dell,Workplace,Laptop,268,0.1430,20.19,4,EU,0.1791,0.8320,CN,,,
Dell,Workplace,Laptop,218,0.2000,17.98,4,EU,0.2248,0.7500,CN,,,
Dell,Workplace,Laptop,299.0,0.11900000000000001,17.04,4.0,EU,0.2074,0.846,China,,0,0
Dell,Workplace,Laptop,316.0,0.123,18.64,4.0,EU,0.2152,0.841,China,,0,0
Dell,Workplace,Laptop,296.0,0.132,18.68,4.0,EU,0.2128,0.825,China,,0,0
Dell,Workplace,Laptop,299.0,0.136,19.43,4.0,EU,0.194,0.831,China,,0,0
Dell,Workplace,Laptop,300.0,0.146,20.89,4.0,EU,0.19,0.823,China,,0,0
Dell,Workplace,Laptop,308.0,0.122,17.87,4.0,EU,0.224,0.8440000000000001,China,,0.032,0.002
Dell,Workplace,Laptop,348.0,0.107,17.87,4.0,EU,0.2098,0.865,China,,0,0
Dell,Workplace,Laptop,325.0,0.109,16.99,4.0,EU,0.1969,0.821,China,,0,0
Dell,Workplace,Laptop,315.0,0.146,22.07,4.0,EU,0.2063,0.816,China,,0,0
Dell,Workplace,Laptop,344.0,0.147,24.03,4.0,EU,0.186,0.818,China,,0,0
Dell,Workplace,Laptop,326.0,0.16399999999999998,25.52,4.0,EU,0.1779,0.8,China,,0,0
Dell,Workplace,Laptop,333.0,0.159,25.21,4.0,EU,0.1922,0.805,China,,0,0
Dell,Workplace,Laptop,364.0,0.122,21.35,4.0,EU,0.2198,0.848,China,,0,0
Dell,Workplace,Laptop,304.0,0.127,18.31,4.0,EU,0.1908,0.8370000000000001,China,,0.034,0.002
Dell,Workplace,Laptop,247,0.1610,18.895,4,EU,0.2105,0.7830,CN,,,
Dell,Workplace,Laptop,250,0.1750,25.06,4,EU,0.2040,0.7780,CN,,,
Dell,Workplace,Laptop,251,0.1760,25.33,4,EU,0.2032,0.7830,CN,,,
Dell,Workplace,Laptop,254,0.1490,21.68,4,EU,0.2283,0.8070,CN,,,
Dell,Workplace,Laptop,255,0.2050,27.56,4,EU,0.2039,0.7510,CN,,,
Dell,Workplace,Laptop,403.0,0.14,26.77,4.0,EU,0.2035,0.8240000000000001,China,,0,0
Dell,Workplace,Laptop,403.0,0.14,26.77,4.0,EU,0.2035,0.8240000000000001,China,,0,0
Dell,Workplace,Laptop,348.0,0.16,26.62,4.0,EU,0.1925,0.8,China,,0,0
Dell,Workplace,Laptop,378.0,0.154,27.87,4.0,EU,0.1852,0.807,China,,0,0
Dell,Workplace,Laptop,324.0,0.151,23.35,4.0,EU,0.1975,0.807,China,,0,0
Dell,Workplace,Laptop,379.0,0.136,24.92,4.0,EU,0.2032,0.828,China,,0,0
Dell,Workplace,Laptop,259,0.1340,16.415,4,EU,0.2278,0.8040,CN,,,
Dell,Workplace,Laptop,299,0.1740,29.06,4,EU,0.2007,0.7800,CN,,,
Dell,Workplace,Laptop,271,0.2220,28.55,4,EU,0.1993,0.7220,CN,,,
Dell,Workplace,Laptop,305,0.1620,27.56,4,EU,0.2066,0.7960,CN,,,
Dell,Workplace,Laptop,314.0,0.08,11.98,4.0,EU,0.2357,0.884,China,,0,0
Dell,Workplace,Laptop,305.0,0.091,13.22,4.0,EU,0.223,0.8740000000000001,China,,0,0
Dell,Workplace,Laptop,95.0,0.198,17.68,2.0,EU,0.4105,0.634,Asia,,0.158,0.01
Dell,Workplace,Laptop,222,0.1540,18.3,4,EU,0.2072,0.8000,CN,,,
Dell,Workplace,Laptop,282,0.1280,20.4,4,EU,0.1738,0.8520,CN,,,
Dell,Workplace,Laptop,209,0.1410,17.5,4,EU,0.2153,0.8240,CN,,,
Dell,Workplace,Laptop,323.0,0.131,20.34,4.0,EU,0.195,0.836,China,,0,0
Dell,Workplace,Laptop,326.0,0.10800000000000001,16.87,4.0,EU,0.2393,0.86,China,,0,0
Dell,Workplace,Laptop,328.0,0.11,17.28,4.0,EU,0.2348,0.858,China,,0,0
Dell,Workplace,Laptop,333.0,0.111,17.65,4.0,EU,0.2282,0.856,China,,0,0
Dell,Workplace,Laptop,82.0,0.16,12.59,2.0,EU,0.439,0.7440000000000001,Asia,,0.09,0.006
Dell,Workplace,Laptop,336.0,0.126,20.4,4.0,EU,0.2202,0.841,China,,0,0
Dell,Workplace,Laptop,297,0.0530,7.4,4,EU,0.1852,0.9030,CN,,,
Dell,Workplace,Laptop,288,0.1510,24.455,4,EU,0.1771,0.8220,CN,,,
Dell,Workplace,Laptop,259,0.1790,24.45,4,EU,0.1931,0.7790,CN,,,
Dell,Workplace,Laptop,289,0.1660,25,4,EU,0.1799,0.7980,CN,,,
Dell,Workplace,Laptop,332,0.1240,21.4,4,EU,0.1596,0.8440,CN,,,
Dell,Workplace,Laptop,222,0.1210,15.85,4,EU,0.1892,0.8430,CN,,,
Dell,Workplace,Laptop,351.0,0.072,12.02,4.0,EU,0.2678,0.898,China,,0,0
Dell,Workplace,Laptop,320.0,0.11900000000000001,18.18,4.0,EU,0.2031,0.8440000000000001,China,,0,0
Dell,Workplace,Laptop,463.0,0.05,11.04,4.0,EU,0.2246,0.9229999999999999,China,,0,0
Dell,Workplace,Laptop,338.0,0.092,15.68,4.0,EU,0.2426,0.87,China,,0,0
Dell,Workplace,Laptop,454.0,0.063,13.8,4.0,EU,0.2203,0.91,China,,0,0
Dell,Workplace,Laptop,353.0,0.105,17.57,4.0,EU,0.238,0.862,China,,0,0
Dell,Workplace,Laptop,341.0,0.106,17.14,4.0,EU,0.2375,0.859,China,,0,0
Dell,Workplace,Laptop,249,0.1740,24.99,4,EU,0.2048,0.7820,CN,,,
Dell,Workplace,Laptop,241,0.1260,17.4,4,EU,0.2199,0.8350,CN,,,
Dell,Workplace,Laptop,364.0,0.13,22.51,4.0,EU,0.2363,0.833,China,,0,0
Dell,Workplace,Laptop,357.0,0.081,13.92,4.0,EU,0.2213,0.883,China,,0,0
Dell,Workplace,Laptop,350.0,0.07200000000000001,12.44,4.0,EU,0.2629,0.897,China,,0,0
Dell,Workplace,Laptop,344.0,0.068,11.15,4.0,EU,0.2558,0.901,China,,0,0
Dell,Workplace,Laptop,482.0,0.057,13.1,4.0,EU,0.222,0.91,China,,0,0
Dell,Workplace,Laptop,482.0,0.057,13.1,4.0,EU,0.222,0.91,China,,0,0
Dell,Workplace,Laptop,361.0,0.097,16.68,4.0,EU,0.2438,0.872,China,,0,0
Dell,Workplace,Laptop,367.0,0.111,19.5,4.0,EU,0.248,0.858,China,,0,0
Dell,Workplace,Laptop,240,0.1810,19.83,4,EU,0.1958,0.7620,CN,,,
Dell,Workplace,Laptop,280,0.2300,30.69,4,EU,0.1893,0.7100,CN,,,
Dell,Workplace,Laptop,240,0.1740,19.83,4,EU,0.1958,0.7710,CN,,,
Dell,Workplace,Laptop,223,0.1370,16.43,4,EU,0.2108,0.8210,CN,,,
Dell,Workplace,Laptop,249,0.1980,26.1,4,EU,0.1888,0.7890,CN,,,
Dell,Workplace,Laptop,238,0.1530,16.565,4,EU,0.2185,0.7950,CN,,,
Dell,Workplace,Laptop,261,0.1900,17.91,4,EU,0.2031,0.7610,CN,,,
Dell,Workplace,Desktop,397,0.4100,77.5,4,EU,0.1788,0.5600,EU,,,
Dell,Workplace,Desktop,258,0.3570,42.27,4,EU,0.2171,0.5930,EU,,,
Dell,Workplace,Desktop,419,0.4600,90.2,4,EU,0.1742,0.4700,EU,,,
Dell,Workplace,Desktop,432,0.4500,90.74,4,EU,0.1829,0.4800,EU,,,
Dell,Workplace,Desktop,244,0.3200,35.6,4,EU,0.2254,0.6200,EU,,,
Dell,Workplace,Desktop,414,0.4300,82.76,4,EU,0.1932,0.5100,EU,,,
Dell,Workplace,Desktop,483,0.4900,111.72,4,EU,0.1781,0.4500,EU,,,
Dell,Workplace,Desktop,273,0.2770,36.18,4,EU,0.2051,0.6900,EU,,0.0310,
Dell,Workplace,Desktop,399,0.3930,74.74,4,EU,0.1654,0.5770,EU,,0.025,
Dell,Workplace,Desktop,579,0.4390,121.19,4,EU,0.1641,0.5300,EU,,0.0260,
Dell,Workplace,Desktop,260,0.2440,28.03,4,EU,0.2077,0.6690,EU,,0.0810,
Dell,Workplace,Desktop,425,0.3300,61.96,4,EU,0.2235,0.5320,EU,,0.1280,
Dell,Workplace,Desktop,388,0.2160,36.96,4,EU,0.2010,0.7320,EU,,0.0390,
Dell,Workplace,Desktop,210,0.2710,27.17,4,EU,0.2333,0.6900,EU,,0.0370,
Dell,Workplace,Desktop,259,0.3560,42.27,4,EU,0.2162,0.5950,EU,,,
Dell,Workplace,Desktop,411,0.4600,87.675,4,EU,0.1776,0.4700,EU,,,
Dell,Workplace,Desktop,489,0.5100,117.35,4,EU,0.1677,0.4300,EU,,,
Dell,Workplace,Desktop,436,0.4700,95.2,4,EU,0.1789,0.4700,EU,,,
Dell,Workplace,Desktop,483,0.5000,112.77,4,EU,0.1718,0.4400,EU,,,
Dell,Workplace,Desktop,262,0.3500,42.27,4,EU,0.2214,0.6000,EU,,,
Dell,Workplace,Desktop,425,0.4870,96.48,4,EU,0.1694,0.4600,EU,,,
Dell,Workplace,Desktop,501,0.5100,120.35,4,EU,0.1737,0.4300,EU,,,
Dell,Workplace,Desktop,448,0.4000,86.1,4,EU,0.2031,0.5700,EU,,,
Dell,Workplace,Desktop,461,0.3900,86.0512,4,EU,0.1562,0.5800,CN,,,
Dell,Workplace,Desktop,258,0.3560,42.27,4,EU,0.2171,0.5950,EU,,,
Dell,Workplace,Desktop,416,0.4600,90.2,4,EU,0.1755,0.4800,EU,,,
Dell,Workplace,Desktop,491,0.5100,117.35,4,EU,0.1690,0.4300,EU,,,
Dell,Workplace,Desktop,245,0.3170,35.6,4,EU,0.2245,0.6300,EU,,,
Dell,Workplace,Desktop,398,0.4470,82.76,4,EU,0.1809,0.4910,EU,,,
Dell,Workplace,Desktop,485,0.4900,117.72,4,EU,0.1732,0.4500,EU,,,
Dell,Workplace,Desktop,551,0.4300,113.5,4,EU,0.1488,0.5400,CN,,,
Dell,Workplace,Desktop,522,0.4200,103.6457,4,EU,0.1552,0.5600,EU,,,
Dell,Workplace,Desktop,720,0.3500,118.1044,4,EU,0.1389,0.6200,CN,,,
Dell,Workplace,Desktop,594,0.5420,151.07,4,EU,0.1667,0.3960,EU,,,
Dell,Workplace,Desktop,537,0.5380,151.07,4,EU,0.1713,0.4140,EU,,,
Dell,Workplace,Desktop,451,0.4600,96.9,4,EU,0.1929,0.4890,EU,,,
Dell,Workplace,Desktop,509,0.5080,121.18,4,EU,0.1827,0.4360,EU,,,
Dell,Workplace,Monitor,433,0.1920,26.4405,6,EU,0.1986,0.7140,CN,,,
Dell,Workplace,Monitor,441,0.1880,26.4405,6,EU,0.2018,0.7200,CN,,,
Dell,Workplace,Monitor,422,0.1970,26.4405,6,EU,0.1967,0.7130,CN,,,
Dell,Workplace,Monitor,428,0.2070,28.3,6,EU,0.1986,0.7030,CN,,,
Dell,Workplace,Monitor,479,0.2350,35.8155,6,EU,0.1879,0.6700,CN,,,
Dell,Workplace,Monitor,468,0.2280,33.9405,6,EU,0.1944,0.6870,CN,,,
Dell,Workplace,Monitor,487,0.2320,35.8115,6,EU,0.1869,0.6670,CN,,,
Dell,Workplace,Monitor,472,0.2260,33.9,6,EU,0.1970,0.6860,CN,,,
Dell,Workplace,Monitor,487,0.2190,33.9,6,EU,0.1910,0.6890,CN,,,
Dell,Workplace,Monitor,463.0,0.243,36.14,6.0,EU,0.2289,0.703,China,,0,0
Dell,Workplace,Monitor,481.0,0.237,36.14,6.0,EU,0.2183,0.691,China,,0,0
Dell,Workplace,Monitor,544.0,0.24,38.7,6.0,EU,0.2151,0.645,China,,0.10800000000000001,0.006999999999999999
Dell,Workplace,Monitor,493,0.2290,35.8155,6,EU,0.1866,0.6690,CN,,,
Dell,Workplace,Monitor,519,0.1940,32.1,6,EU,0.2081,0.6950,CN,,,
Dell,Workplace,Monitor,606,0.3000,57.8955,6,EU,0.1650,0.5960,CN,,,
Dell,Workplace,Monitor,468,0.2340,34.7,6,EU,0.1816,0.6660,CN,,,
Dell,Workplace,Monitor,510,0.2450,39.5655,6,EU,0.1824,0.6560,CN,,,
Dell,Workplace,Monitor,463,0.2440,35.8155,6,EU,0.1987,0.6980,CN,,,
Dell,Workplace,Monitor,504,0.2340,37.6905,6,EU,0.1845,0.6620,CN,,,
Dell,Workplace,Monitor,505,0.2350,37.7,6,EU,0.1842,0.6600,CN,,,
Dell,Workplace,Monitor,505,0.2230,35.8,6,EU,0.2040,0.6830,CN,,,
Dell,Workplace,Monitor,499,0.2260,35.8,6,EU,0.1824,0.6770,CN,,,
Dell,Workplace,Monitor,523.0,0.262,43.67,6.0,EU,0.1816,0.662,China,,0,0
Dell,Workplace,Monitor,464.0,0.24,35.4,6.0,EU,0.2069,0.69,China,,0,0
Dell,Workplace,Monitor,481.0,0.231,35.4,6.0,EU,0.2037,0.682,China,,0,0
Dell,Workplace,Monitor,523.0,0.289,48.02,6.0,EU,0.1855,0.645,China,,0,0
Dell,Workplace,Monitor,542.0,0.27899999999999997,48.02,6.0,EU,0.1771,0.64,China,,0,0
Dell,Workplace,Monitor,565.0,0.245,40.76,6.0,EU,0.2159,0.626,China,,0.121,0.008
Dell,Workplace,Monitor,538.0,0.316,49.57,6.0,EU,0.2379,0.555,China,,0.121,0.008
Dell,Workplace,Monitor,587.0,0.326,56.5,6.0,EU,0.2385,0.5479999999999999,China,,0.11900000000000001,0.006999999999999999
Dell,Workplace,Monitor,508,0.2790,45.1905,6,EU,0.1909,0.6550,CN,,,
Dell,Workplace,Monitor,577,0.2060,37.7,6,EU,0.1924,0.6610,CN,,,
Dell,Workplace,Monitor,623,0.2530,50.8,6,EU,0.1862,0.6250,CN,,,
Dell,Workplace,Monitor,563.0,0.286,51.33,6.0,EU,0.1794,0.625,China,,0,0
Dell,Workplace,Monitor,579.0,0.283,52.21,6.0,EU,0.1762,0.627,China,,0,0
Dell,Workplace,Monitor,581.0,0.31,57.2,6.0,EU,0.179,0.6,China,,0,0
Dell,Workplace,Monitor,517.0,0.249,41.14,6.0,EU,0.1915,0.655,China,,0,0
Dell,Workplace,Monitor,597.0,0.28800000000000003,54.6,6.0,EU,0.1742,0.624,China,,0,0
Dell,Workplace,Monitor,586.0,0.327,55.76,6.0,EU,0.2338,0.525,China,,0.139,0.009000000000000001
Dell,Workplace,Monitor,642.0,0.33899999999999997,63.98,6.0,EU,0.2352,0.518,China,,0.135,0.009000000000000001
Dell,Workplace,Monitor,727.0,0.349,74.46,6.0,EU,0.2366,0.524,China,,0.11900000000000001,0.008
Dell,Workplace,Monitor,670.0,0.273,58.01,6.0,EU,0.1896,0.614,China,,0,0
Dell,Workplace,Monitor,739.0,0.331,78.17,6.0,EU,0.1705,0.57,China,,0,0
Dell,Workplace,Monitor,853.0,0.299,75.37,6.0,EU,0.2263,0.523,China,,0.168,0.01
Dell,Workplace,Monitor,729,0.3340,77.2155,6,EU,0.1646,0.5540,CN,,,
Dell,Workplace,Monitor,688.0,0.312,68.4,6.0,EU,0.173,0.575,China,,0,0
Dell,Datacenter,Server,12700,0.9020,2767.722,4,EU,1.1024,0.0950,EU,Rack,,
Dell,Datacenter,Server,6800,0.8080,1325,4,EU,1.0059,0.1830,EU,Rack,,
Dell,Datacenter,Server,6510,0.8070,1242.6,4,EU,0.9846,0.1850,EU,Rack,,
Dell,Datacenter,Server,5680,0.7020,947.8,4,EU,0.8363,0.2770,EU,Blade,,
Dell,Datacenter,Server,6570,0.7370,1152.4,4,EU,0.8965,0.2450,EU,Blade,,
Dell,Datacenter,Server,7460,0.7680,1370.1,4,EU,0.9236,0.2170,EU,Blade,,
Dell,Datacenter,Server,8970,0.7960,1715.6,4,EU,0.9565,0.1890,EU,Blade,,
Dell,Datacenter,Server,6180,0.7310,1063.464,4,EU,0.9385,0.2530,EU,Blade,,
Dell,Datacenter,Server,7000,0.7220,1215.012,4,EU,0.8957,0.2370,EU,Blade,,
Dell,Datacenter,Server,9150,0.8120,1770.396,4,EU,0.9847,0.1850,EU,Blade,,
Dell,Datacenter,Server,5380,0.7840,1011.342,4,EU,0.9591,0.2120,EU,Rack,,
Dell,Datacenter,Server,5260,0.7730,980.7,4,EU,0.9240,0.2220,EU,Rack,,
Dell,Datacenter,Server,5510,0.7870,1014.8,4,EU,0.9982,0.2080,EU,Rack,,
Dell,Datacenter,Server,5230,0.7760,987.3,4,EU,1.0516,0.2200,EU,Rack,,
Dell,Datacenter,Server,8150,0.8530,1760.3,4,EU,1.0135,0.1430,EU,Rack,,
Dell,Datacenter,Server,7360,0.8390,1480.002,4,EU,1.0136,0.1570,EU,Rack,,
Dell,Datacenter,Server,8230,0.8460,1636.368,4,EU,1.0668,0.1500,EU,Rack,,
Dell,Datacenter,Server,7260,0.8220,1433.574,4,EU,1.0441,0.1740,EU,Rack,,
Dell,Datacenter,Server,7730,0.8300,1760.3,4,EU,1.0220,0.1660,EU,Rack,,
Dell,Datacenter,Server,6840,0.8220,1359.6,4,EU,0.9898,0.1740,EU,Rack,,
Dell,Datacenter,Server,8160,0.92,1782.2,4,EU,,0.08,EU,Rack,,
Dell,Datacenter,Server,12700,0.94,2872.4,4,EU,,0.06,EU,Rack,,
Dell,Datacenter,Server,7490,0.8320,1473.5,4,EU,1.0053,0.1630,EU,Rack,,
Dell,Datacenter,Server,8970,0.8510,1813.32,4,EU,1.1059,0.1450,EU,Rack,,
Dell,Datacenter,Server,8640,0.8430,1760.3,4,EU,0.9815,0.1520,EU,Rack,,
Dell,Datacenter,Server,9180,0.8520,1858.872,4,EU,1.1547,0.1440,EU,Rack,,
Dell,Datacenter,Server,8090,0.8440,1628.1,4,EU,1.0272,0.1520,EU,Rack,,
Dell,Datacenter,Server,11600,0.8840,2470.3,4,EU,1.0690,0.1130,EU,Rack,,
Dell,Datacenter,Server,8990,0.91,1949.5,4,EU,,0.09,EU,Rack,,
Dell,Datacenter,Server,12600,0.8590,2622.306,4,EU,0.9762,0.1380,EU,Rack,,
Dell,Datacenter,Server,15600,0.8990,3325.7,4,EU,1.1218,0.0980,EU,Rack,,
Dell,Datacenter,Server,13300,0.8590,2764.218,4,EU,1.0677,0.1340,EU,Rack,,
Dell,Datacenter,Server,14100,0.8960,3012.126,4,EU,1.0993,0.0980,EU,Rack,,
Dell,Datacenter,Server,13200,0.94,2950.8,4,EU,,0.06,EU,Rack,,
Dell,Datacenter,Server,4260,0.7210,745,4,EU,0.9038,0.2690,EU,Tower,,
Dell,Datacenter,Server,4480,0.7320,799.8,4,EU,0.9286,0.2580,EU,Tower,,
Dell,Datacenter,Server,4800,0.7490,858.918,4,EU,0.8854,0.2390,EU,Tower,,
Dell,Datacenter,Server,4780,0.7520,852.8,4,EU,0.9686,0.2370,EU,Tower,,
Dell,Datacenter,Server,8520,0.8500,1697.688,4,EU,1.1514,0.1420,EU,Tower,,
Dell,Datacenter,Server,7810,0.8400,1577.238,4,EU,1.0051,0.1530,EU,Tower,,
Dell,Datacenter,Server,8560,0.8450,858.918,4,EU,1.0467,0.1460,EU,Tower,,
Dell,Datacenter,Server,8000,0.8260,1584.7,4,EU,1.0163,0.1640,EU,Tower,,
Dell,Workplace,Laptop,331,0.2300,36.83,4,EU,0.1994,0.7100,CN,,,
Dell,Workplace,Laptop,304,0.1620,27.5,4,EU,0.2237,0.7920,CN,,,
Dell,Workplace,Laptop,335,0.1740,27.72,4,EU,0.2030,0.7800,CN,,,
Dell,Workplace,Laptop,379,0.1360,24.92,4,EU,0.2032,0.8280,CN,,0.0340,
Dell,Workplace,Laptop,368,0.2570,51.6,4,EU,0.1902,0.7070,CN,,,
Dell,Workplace,Laptop,330,0.1380,23.52,4,EU,0.2121,0.8120,CN,,,
Dell,Workplace,Laptop,340,0.1600,29.95,4,EU,0.2000,0.7990,CN,,,
Dell,Workplace,Laptop,432,0.1210,24.66,4,EU,0.2014,0.8280,CN,,0.0480,
Dell,Workplace,Laptop,399,0.2800,60.3,4,EU,0.1955,0.6830,CN,,,
Dell,Workplace,Laptop,416,0.2310,51.6,4,EU,0.2284,0.7160,CN,,,
Dell,Workplace,Desktop,537,0.3440,86.5,4,EU,0.1583,0.5980,EU,,,
Dell,Workplace,Desktop,430,0.4930,98.89,4,EU,0.1721,0.4540,EU,,,
Dell,Workplace,Desktop,642,0.4620,139.6,4,EU,0.1417,0.4870,EU,,,
Dell,Workplace,Desktop,590,0.4960,137.51,4,EU,0.1627,0.4340,EU,,,
Dell,Workplace,Desktop,1502,0.7170,512.9,4,EU,0.1405,0.2450,EU,,,
Dell,Workplace,Desktop,1180,0.6170,347.55,4,EU,0.1492,0.3210,EU,,,
Dell,Workplace,Desktop,1820,0.7560,657.7,4,EU,0.1379,0.2100,EU,,,
Dell,Workplace,Desktop,1820,0.6880,597.21,4,EU,0.1511,0.2690,EU,,,
Dell,Workplace,Desktop,2518,0.7820,277.08,4,EU,0.1426,0.1870,EU,,,
Dell,Workplace,Desktop,2496,0.7380,875.34,4,EU,0.1402,0.2180,EU,,,
Dell,Workplace,Monitor,454,0.2170,31.3611,6,EU,0.2093,0.7070,CN,,,
Dell,Workplace,Monitor,491,0.2770,43.3155,6,EU,0.1955,0.6550,CN,,,
Dell,Workplace,Monitor,476,0.2740,41.4405,6,EU,0.2017,0.6560,CN,,,
Dell,Workplace,Monitor,463,0.2310,34.1163,6,EU,0.2030,0.6970,CN,,,
Dell,Workplace,Monitor,488,0.2790,43.3155,6,EU,0.1947,0.6470,CN,,,
Dell,Workplace,Monitor,478,0.2980,45.1905,6,EU,0.1946,0.6520,CN,,,
Dell,Workplace,Monitor,428,0.3200,43.3155,6,EU,0.1939,0.5900,CN,,,
Dell,Workplace,Monitor,654,0.3080,64.0905,6,EU,0.1758,0.6060,CN,,,
Dell,Workplace,Monitor,535,0.2990,50.9655,6,EU,0.2019,0.6520,CN,,,
Dell,Workplace,Monitor,476.0,0.249,37.79,6.0,EU,0.2017,0.682,China,,0.065,0.004
Dell,Workplace,Monitor,475.0,0.25,37.79,6.0,EU,0.2084,0.6829999999999999,China,,0.064,0.004
Dell,Workplace,Monitor,476.0,0.248,37.79,6.0,EU,0.2017,0.677,China,,0.071,0.004
Dell,Workplace,Monitor,477.0,0.248,37.79,6.0,EU,0.1992,0.6759999999999999,China,,0.07200000000000001,0.004
Dell,Workplace,Monitor,473.0,0.248,37.79,6.0,EU,0.2051,0.684,China,,0.064,0.004
Dell,Workplace,Monitor,684,0.2870,62.3687,6,EU,0.1740,0.6110,CN,,,
Dell,Workplace,Monitor,545,0.3400,54.4655,6,EU,0.2165,0.5300,CN,,,
Dell,Workplace,Monitor,549,0.2690,47.0655,6,EU,0.1821,0.6210,CN,,,
Dell,Workplace,Monitor,555.0,0.275,48.97,6.0,EU,0.1946,0.647,China,,0.07400000000000001,0.004
Dell,Workplace,Monitor,565.0,0.272,48.97,6.0,EU,0.1965,0.64,China,,0.083,0.005
Dell,Workplace,Monitor,523.0,0.281,46.57,6.0,EU,0.1912,0.639,China,,0.076,0.004
Dell,Workplace,Monitor,525.0,0.278,46.57,6.0,EU,0.1924,0.6409999999999999,China,,0.077,0.004
Dell,Workplace,Monitor,527.0,0.27699999999999997,46.57,6.0,EU,0.1992,0.635,China,,0.083,0.005
Dell,Workplace,Monitor,527.0,0.28,46.57,6.0,EU,0.1973,0.632,China,,0.083,0.005
Dell,Workplace,Monitor,524.0,0.27899999999999997,46.57,6.0,EU,0.1908,0.64,China,,0.077,0.004
Dell,Workplace,Monitor,615.0,0.35100000000000003,68.51,6.0,EU,0.1756,0.579,China,,0.067,0.004
Dell,Workplace,Monitor,449,0.2400,34.28565,6,EU,0.1893,0.6770,CN,,,
Dell,Workplace,Monitor,475,0.2120,32.0899,6,EU,0.2021,0.7000,CN,,,
Dell,Workplace,Monitor,386,0.2600,31.8843,6,EU,0.1891,0.6600,CN,,,
Dell,Workplace,Monitor,533,0.2340,39.5655,6,EU,0.1876,0.6550,CN,,,
Dell,Workplace,Monitor,522,0.2760,45.855,6,EU,0.1724,0.6330,CN,,,
Dell,Workplace,Monitor,533,0.2890,57.8175,6,EU,0.1689,0.6140,CN,,,
Dell,Workplace,Monitor,562,0.2030,36.2355,6,EU,0.2011,0.7010,CN,,,
Dell,Workplace,Monitor,530,0.2210,37.1925,6,EU,0.1792,0.6660,CN,,,
Dell,Workplace,Monitor,448,0.2150,30.683,6,EU,0.2031,0.7320,CN,,,
Dell,Workplace,Monitor,469,0.2540,37.8405,6,EU,0.1940,0.6960,CN,,,
Dell,Workplace,Monitor,505,0.3050,48.9405,6,EU,0.1842,0.6438,CN,,,
Dell,Workplace,Monitor,545,0.2010,33.9,6,EU,0.2183,0.7030,CN,,,
Dell,Workplace,Monitor,549,0.2000,34.9,6,EU,0.2131,0.7000,CN,,,
Dell,Workplace,Monitor,541,0.2030,33.9,6,EU,0.2218,0.7000,CN,,,
Dell,Workplace,Monitor,610.0,0.21,40.72,6.0,EU,0.1738,0.7120000000000001,China,,0,0
Dell,Workplace,Monitor,549.0,0.206,35.81,6.0,EU,0.2186,0.722,China,,0,0
Dell,Workplace,Monitor,461.0,0.213,31.39,6.0,EU,0.2104,0.721,China,,0,0
Dell,Workplace,Monitor,479.0,0.206,31.39,6.0,EU,0.2067,0.707,China,,0,0
Dell,Workplace,Monitor,538.0,0.242,41.72,6.0,EU,0.184,0.674,China,,0,0
Dell,Workplace,Monitor,479.0,0.206,31.39,6.0,EU,0.2067,0.707,China,,0,0
Dell,Workplace,Monitor,655.0,0.328,68.35,6.0,EU,0.1588,0.594,China,,0,0
Dell,Workplace,Monitor,655.0,0.328,68.35,6.0,EU,0.1588,0.594,China,,0,0
Dell,Workplace,Monitor,593.0,0.28,35.81,6.0,EU,0.2277,0.71,China,,0,0
Dell,Workplace,Monitor,569.0,0.2829999999999999,51.39,6.0,EU,0.1845,0.625,China,,0,0
Dell,Workplace,Monitor,643.0,0.328,66.74,6.0,EU,0.1664,0.588,China,,0,0
Dell,Workplace,Monitor,569.0,0.2829999999999999,51.39,6.0,EU,0.1845,0.625,China,,0,0
Dell,Workplace,Monitor,815.0,0.385,91.83,6.0,EU,0.2491,0.504,China,,0.105,0.006999999999999999
Dell,Workplace,Monitor,815.0,0.385,91.83,6.0,EU,0.2491,0.504,China,,0.105,0.006999999999999999
Dell,Workplace,Monitor,820.0,0.311,74.65,6.0,EU,0.2159,0.511,China,,0.16699999999999998,0.01
Dell,Workplace,Monitor,880.0,0.364,94.06,6.0,EU,0.2386,0.491,China,,0.136,0.009000000000000001
Dell,Workplace,Monitor,880.0,0.299,83.48,6.0,EU,0.3057,0.603,China,,0,0
Dell,Workplace,Monitor,802.0,0.35100000000000003,89.95,6.0,EU,0.1559,0.515,China,,0,0
Dell,Workplace,Monitor,926.0,0.40700000000000003,120.2,6.0,EU,0.1609,0.465,China,,0,0
Dell,Workplace,Monitor,1000.0,0.296,94.54,6.0,EU,0.159,0.563,China,,0,0
Dell,Workplace,Thin Client,70,0.3900,19.2,2,EU,0.4429,0.5900,CN,,,
Dell,Workplace,Thin Client,70,0.3900,19.2,2,EU,0.4429,0.5900,CN,,,
Dell,Workplace,Thin Client,63,0.4000,18.7,2,EU,0.4444,0.5900,CN,,,
Dell,Workplace,Thin Client,63,0.4000,18.7,2,EU,0.4444,0.5900,CN,,,
Dell,Workplace,Thin Client,86,0.5000,31.7,2,EU,0.3837,0.4800,CN,,,
Dell,Workplace,Thin Client,86,0.5000,31.7,2,EU,0.3837,0.4800,CN,,,
Dell,Workplace,Thin Client,89,0.5500,35.7,2,EU,0.3933,0.4500,CN,,,
Dell,Workplace,Thin Client,89,0.5500,35.7,2,EU,0.3933,0.4500,CN,,,
Dell,Workplace,Thin Client,94,0.5100,35.38,2,EU,0.4894,0.4800,CN,,,
Dell,Workplace,Thin Client,197,0.6700,96.4,2,EU,0.3706,0.3100,CN,,,
Dell,Workplace,Thin Client,197,0.6700,96.4,2,EU,0.3706,0.3100,CN,,,
Dell,Workplace,Thin Client,144,0.7000,73.67,2,EU,0.3958,0.2900,CN,,,
Dell,Workplace,Thin Client,100,0.5600,41,2,EU,0.3700,0.4200,CN,,,
Dell,Workplace,Thin Client,115,0.4100,34.7,2,EU,0.5913,0.5700,CN,,,
Dell,Workplace,Thin Client,103,0.5400,40.4,2,EU,0.3883,0.4400,CN,,,
Dell,Workplace,Thin Client,106,0.5500,43,2,EU,0.3679,0.4300,CN,,,
Dell,Workplace,Thin Client,108,0.5500,43.78,2,EU,0.4722,0.4300,CN,,,
Dell,Workplace,Thin Client,122,0.6100,53.79,2,EU,0.6639,0.3700,CN,,,
Dell,Workplace,Laptop,372.0,0.17,30.14,4.0,EU,0.1962,0.797,China,,0,0
Dell,Workplace,Laptop,327.0,0.13,20.25,4.0,EU,0.2294,0.8370000000000001,China,,0,0
Dell,Workplace,Laptop,342.0,0.11599999999999999,18.89,4.0,EU,0.2193,0.836,China,,0,0
Dell,Workplace,Laptop,322.0,0.139,21.43,4.0,EU,0.2174,0.814,China,,0,0
Dell,Workplace,Laptop,286,0.2000,29.92,4,EU,0.1748,0.7620,CN,,,
Dell,Workplace,Laptop,286,0.2000,29.92,4,EU,0.1748,0.7620,CN,,,
Dell,Workplace,Laptop,287,0.1680,25.1,4,EU,0.1742,0.7980,CN,,,
Dell,Workplace,Laptop,297,0.1240,19.15,4,EU,0.1751,0.8300,CN,,,
Dell,Workplace,Laptop,317.0,0.11699999999999999,17.83,4.0,EU,0.2524,0.846,China,,0,0
Dell,Workplace,Laptop,380.0,0.153,27.87,4.0,EU,0.1974,0.8009999999999999,China,,0,0
Dell,Workplace,Laptop,380.0,0.153,27.87,4.0,EU,0.1974,0.8009999999999999,China,,0,0
Dell,Workplace,Laptop,431.0,0.11599999999999999,23.75,4.0,EU,0.2019,0.833,China,,0.048,0.003
Dell,Workplace,Laptop,337,0.2130,37.02,4,EU,0.2047,0.7470,CN,,,
Dell,Workplace,Laptop,324,0.1790,29.95,4,EU,0.1944,0.7760,CN,,,
Dell,Workplace,Laptop,509.0,0.09,21.67,4.0,EU,0.224,0.858,China,,0.049,0.003
Dell,Workplace,Laptop,509.0,0.09,21.67,4.0,EU,0.224,0.858,China,,0.049,0.003
Fairphone,Workplace,Smartphone,39.5,0.212,,3,EU,,0.815,China,,,
Fairphone,Workplace,Smartphone,49.9,0.248,,5,EU,,0.737,China,,0.047,0.042
Fujistu,Workplace,Desktop,961,0.5200,37.5,5,DE,0.0000,,,,,
Generic,Workplace,Laptop,222,0.0000,25,,,0.3800,,,,,
Generic,Workplace,Monitor,289,0.0000,32.6,,,0.2000,,,,,
Generic,Workplace,Monitor,303.45,0.0000,34.23,,,0.2000,,,,,
Generic,Workplace,Monitor,317.9,0.0000,35.86,,,0.2000,,,,,
Generic,Workplace,Monitor,332.35,0.0000,37.49,,,0.2000,,,,,
Generic,Workplace,Monitor,346.8,0.0000,39.12,,,0.2000,,,,,
Generic,Workplace,Monitor,361.25,0.0000,40.75,,,0.2000,,,,,
Generic,Workplace,Monitor,375.7,0.0000,42.38,,,0.2000,,,,,
Generic,Workplace,Monitor,390.15,0.0000,44.01,,,0.2000,,,,,
Generic,Workplace,Monitor,404.6,0.0000,45.64,,,0.2000,,,,,
Generic,Workplace,Monitor,419.05,0.0000,47.27,,,0.2000,,,,,
Generic,Workplace,Monitor,433.5,0.0000,48.9,,,0.2000,,,,,
Generic,Workplace,Monitor,447.95,0.0000,50.53,,,0.2000,,,,,
Generic,Workplace,Monitor,462.4,0.0000,52.16,,,0.2000,,,,,
Generic,Workplace,Monitor,476.85,0.0000,53.79,,,0.2000,,,,,
Generic,Workplace,Monitor,491.3,0.0000,55.42,,,0.2000,,,,,
HP,Workplace,Desktop,660,,108.8,5,WW,0.3333,,CN,,,
HP,Workplace,Desktop,660,0.5300,108.8,5,WW,0.3333,,CN,,,
HP,Workplace,Desktop,660,,108.8,5,WW,0.3333,,CN,,,
HP,Workplace,Desktop,660,0.5300,108.8,5,WW,0.3333,,CN,,,
HP,Workplace,Desktop,660,,108.8,5,WW,0.3409,,CN,,,
HP,Workplace,Desktop,660,0.5300,108.8,5,WW,0.3409,,CN,,,
HP,Workplace,Desktop,560,,72.83,5,WW,0.3393,,CN,,,
HP,Workplace,Desktop,560,0.4000,72.83,5,WW,0.3393,,CN,,,
HP,Workplace,Desktop,660,,108.8,5,WW,0.3485,,CN,,,
HP,Workplace,Desktop,660,0.5300,108.8,5,WW,0.3485,,CN,,,
HP,Workplace,Desktop,560,,72.83,5,WW,0.3393,,CN,,,
HP,Workplace,Desktop,560,0.4000,72.83,5,WW,0.3393,,CN,,,
HP,Workplace,Desktop,625,,85.06,5,WW,0.2880,,CN,,,
HP,Workplace,Desktop,560,,67.2,5,WW,0.2661,,CN,,,
HP,Workplace,Laptop,260,0.1944,26.6,4,WW,0.1923,,CN,,,
HP,Workplace,Laptop,265,0.0819,11.42,4,WW,0.2075,,CN,,,
HP,Workplace,Laptop,320,0.0851,14.33,4,WW,0.1719,,CN,,,
HP,Workplace,Laptop,265,0.2094,29.2,4,WW,0.1887,,CN,,,
HP,Workplace,Laptop,275,0.1748,25.3,4,WW,0.1818,,CN,,,
HP,Workplace,Laptop,285,0.1527,22.9,4,WW,0.1930,,CN,,,
HP,Workplace,Laptop,320,0.0851,14.33,4,WW,0.1719,,CN,,,
HP,Workplace,Laptop,275,,30.2,4,WW,0.1818,,CN,,,
HP,Workplace,Laptop,275,,25.3,4,WW,0.1818,,CN,,,
HP,Workplace,Laptop,360,,24.75,4,WW,0.1806,,CN,,,
HP,Workplace,Laptop,270,,31.4,4,WW,0.1852,,CN,,,
HP,Workplace,Laptop,270,,31.4,4,WW,0.1852,,CN,,,
HP,Workplace,Laptop,275,,25.3,4,WW,0.1818,,CN,,,
HP,Workplace,Laptop,350,,21.38,4,WW,0.1857,,CN,,,
HP,Workplace,Laptop,275,,30.2,4,WW,0.1818,,CN,,,
HP,Workplace,Laptop,360,,24.75,4,WW,0.1806,,CN,,,
HP,Workplace,Desktop,355,,22.73,5,WW,0.2113,,CN,,,
HP,Workplace,Desktop,535,,81.5,5,WW,0.3551,,CN,,,
HP,Workplace,Desktop,695,,97.4,5,WW,0.2662,,CN,,,
HP,Workplace,Desktop,1120,,218.5,5,WW,0.3527,,CN,,,
HP,Workplace,Desktop,625,,72.84,5,WW,0.2400,,CN,,,
HP,Workplace,Desktop,830,,129.62,5,WW,0.2952,,CN,,,
HP,Workplace,Desktop,535,,81.5,5,WW,0.3551,,CN,,,
HP,Workplace,Desktop,535,0.5300,81.5,5,WW,0.3551,,CN,,,
HP,Workplace,Desktop,422,,53.67,5,WW,0.2607,,CN,,,
HP,Workplace,Desktop,695,,97.4,5,WW,0.2662,,CN,,,
HP,Workplace,Desktop,1120,,218.5,5,WW,0.3527,,CN,,,
HP,Workplace,Desktop,625,,72.84,5,WW,0.2400,,CN,,,
HP,Workplace,Desktop,830,,129.62,5,WW,0.2952,,CN,,,
HP,Workplace,Desktop,535,,81.5,5,WW,0.3551,,CN,,,
HP,Workplace,Desktop,1120,,218.5,5,WW,0.3527,,CN,,,
HP,Workplace,Desktop,830,,129.62,5,WW,0.2952,,CN,,,
HP,Workplace,Desktop,685,,90.99,5,WW,0.2628,,CN,,,
HP,Workplace,Desktop,1120,,218.5,5,WW,0.3527,,CN,,,
HP,Workplace,Desktop,830,,129.62,5,WW,0.2952,,CN,,,
HP,Workplace,Desktop,421,,53.67,5,WW,0.2565,,CN,,,
HP,Workplace,Desktop,970,,171,5,WW,0.3196,,CN,,,
HP,Workplace,Desktop,695,,97.4,5,WW,0.2662,,CN,,,
HP,Workplace,Desktop,1120,,218.5,5,WW,0.3527,,CN,,,
HP,Workplace,Desktop,625,,72.84,5,WW,0.2400,,CN,,,
HP,Workplace,Desktop,830,,129.62,5,WW,0.2952,,CN,,,
HP,Workplace,Desktop,830,,129.62,5,WW,0.2952,,CN,,,
HP,Workplace,Laptop,320,,31.37,4,WW,0.1719,,CN,,,
HP,Workplace,Laptop,320,,14.3,4,WW,0.1719,,CN,,,
HP,Workplace,Laptop,320,,31.37,4,WW,0.1719,,CN,,,
HP,Workplace,Laptop,370,,19.7,4,WW,0.1622,,CN,,,
HP,Workplace,Desktop,710,,110,5,WW,0.4930,,CN,,,
HP,Workplace,Laptop,230,,18.3,4,WW,0.1957,,CN,,,
HP,Workplace,Laptop,210,,15.7,4,WW,0.1905,,CN,,,
HP,Workplace,Laptop,205,,8.3,4,WW,0.1951,,CN,,,
HP,Workplace,Laptop,210,,10.3,4,WW,0.2143,,CN,,,
HP,Workplace,Laptop,215,,14.5,4,WW,0.1860,,CN,,,
HP,Workplace,Laptop,235,,16.4,4,WW,0.2128,,CN,,,
HP,Workplace,Laptop,235,,19.7,4,WW,0.1915,,CN,,,
HP,Workplace,Laptop,290,,11.85,4,WW,0.2241,,CN,,,
HP,Workplace,Laptop,290,,15.6,4,WW,0.1379,,CN,,,
HP,Workplace,Laptop,290,,11.8,4,WW,0.2241,,CN,,,
HP,Workplace,Laptop,225,,15.6,4,WW,0.2000,,CN,,,
HP,Workplace,Laptop,240,,16.61,5,WW,0.2083,,CN,,,
HP,Workplace,Laptop,230,,19.9,4,WW,0.1957,,CN,,,
HP,Workplace,Laptop,365,,9.8,4,WW,0.1918,,CN,,,
HP,Workplace,Laptop,220,,10.79,5,WW,0.2045,,CN,,,
HP,Workplace,Laptop,230,,16.6,4,WW,0.1957,,CN,,,
HP,Workplace,Desktop,295,,19.4,5,WW,0.2373,,CN,,,
HP,Workplace,Desktop,325,,22.37,5,WW,0.2308,,CN,,,
HP,Workplace,Desktop,420,,17.7,5,WW,0.2857,,CN,,,
HP,Workplace,Desktop,557,,67.2,5,WW,0.2603,,CN,,,
HP,Workplace,Desktop,625,,85.06,5,WW,0.2880,,CN,,,
HP,Workplace,Desktop,750,,125.62,5,WW,0.3133,,CN,,,
HP,Workplace,Desktop,625,,85.06,5,WW,0.2880,,CN,,,
HP,Workplace,Desktop,555,,67.2,5,WW,0.2613,,CN,,,
HP,Workplace,Desktop,558,,67.2,5,WW,0.2634,,CN,,,
HP,Workplace,Desktop,551,,67.29,5,WW,0.2541,,CN,,,
HP,Workplace,Monitor,480,,12.45,5,WW,0.2292,,CN,,,
HP,Workplace,Monitor,555,,31.9,5,WW,0.2162,,CN,,,
HP,Workplace,Monitor,555,,31.9,5,WW,0.2162,,CN,,,
HP,Workplace,Monitor,570,,40.23,5,WW,0.2193,,CN,,,
HP,Workplace,Monitor,565,,36.01,5,WW,0.2124,,CN,,,
HP,Workplace,Monitor,565,,36.01,5,WW,0.2124,,CN,,,
HP,Workplace,Monitor,585,,41,5,WW,0.2137,,CN,,,
HP,Workplace,Monitor,695,,96.7,5,WW,0.2806,,CN,,,
HP,Workplace,Laptop,305,,14.49,4,WW,0.1803,,CN,,,
HP,Workplace,Laptop,305,,14.49,4,WW,0.1803,,CN,,,
HP,Workplace,Laptop,210,,16.4,4,WW,0.2143,,CN,,,
HP,Workplace,Monitor,565,,41.5,5,WW,0.2566,,CN,,,
HP,Workplace,Desktop,505,,61,5,WW,0.2574,,CN,,,
HP,Workplace,Tablet,198,,27,2,WW,0.2980,,CN,,,
HP,Workplace,Laptop,185,,27.01,2,WW,0.3784,,CN,,,
HP,Workplace,Laptop,225,,21,4,WW,0.2000,,CN,,,
HP,Workplace,Laptop,260,,18.87,4,WW,0.1731,,CN,,,
HP,Workplace,Laptop,355,,47.71,4,WW,0.1831,,CN,,,
HP,Workplace,Laptop,265,,30.6,4,WW,0.1698,,CN,,,
HP,Workplace,Laptop,255,,24.9,5,WW,0.1765,,CN,,,
HP,Workplace,Laptop,330,,23.4,4,WW,0.1818,,CN,,,
HP,Workplace,Laptop,280,,31.3,4,WW,0.1786,,CN,,,
HP,Workplace,Laptop,290,,29,4,WW,0.1724,,CN,,,
HP,Workplace,Laptop,295,,18,5,WW,0.2034,,CN,,,
HP,Workplace,Laptop,295,,32.7,4,WW,0.1695,,CN,,,
HP,Workplace,Laptop,290,,25.02,4,WW,0.1724,,CN,,,
HP,Workplace,Laptop,240,,19.1,4,WW,0.1667,,CN,,,
HP,Workplace,Laptop,240,,19.1,4,WW,0.1875,,CN,,,
HP,Workplace,Laptop,292,,17.2,4,WW,0.2432,,CN,,,
HP,Workplace,Laptop,310,,13.67,4,WW,0.1935,,CN,,,
HP,Workplace,Laptop,330,,19.74,4,WW,0.1758,,CN,,,
HP,Workplace,Laptop,320,,17.2,4,WW,0.1875,,CN,,,
HP,Workplace,Laptop,255,,18.98,4,WW,0.1765,,CN,,,
HP,Workplace,Laptop,290,,28.8,4,WW,0.1724,,CN,,,
HP,Workplace,Laptop,290,,28.8,4,WW,0.1724,,CN,,,
HP,Workplace,Laptop,375,,22.9,4,WW,0.1733,,CN,,,
HP,Workplace,Laptop,310,,15.98,4,WW,0.1774,,CN,,,
HP,Workplace,Laptop,325,,19.79,4,WW,0.1815,,CN,,,
HP,Workplace,Laptop,345,,22.98,4,WW,0.1739,,CN,,,
HP,Workplace,Laptop,335,,50,4,WW,0.1642,,CN,,,
HP,Workplace,Laptop,295,,26.2,4,WW,0.1695,,CN,,,
HP,Workplace,Laptop,280,,22.83,4,WW,0.1607,,CN,,,
HP,Workplace,Laptop,280,,19.96,4,WW,0.1964,,CN,,,
HP,Workplace,Laptop,335,,14.1,4,WW,0.1642,,CN,,,
HP,Workplace,Laptop,225,,19.01,4,WW,0.2000,,CN,,,
HP,Workplace,Laptop,250,,24.4,4,WW,0.1800,,CN,,,
HP,Workplace,Laptop,235,,21.94,4,WW,0.1915,,CN,,,
HP,Workplace,Laptop,340,,17.5,4,WW,0.1765,,CN,,,
HP,Workplace,Laptop,325,,14.38,4,WW,0.1846,,CN,,,
HP,Workplace,Laptop,255,,19,5,WW,0.1765,,CN,,,
HP,Workplace,Laptop,230,,18.1,4,WW,0.1957,,CN,,,
HP,Workplace,Laptop,320,,13.12,4,WW,0.1719,,CN,,,
HP,Workplace,Laptop,230,,14.9,4,WW,0.1957,,CN,,,
HP,Workplace,Laptop,230,,14.7,4,WW,0.1957,,CN,,,
HP,Workplace,Laptop,345,,14.72,4,WW,0.1594,,CN,,,
HP,Workplace,Desktop,465,,50.19,5,WW,0.2366,,CN,,,
HP,Workplace,Desktop,780,,100.59,5,WW,0.3141,,CN,,,
HP,Workplace,Workstation,780,,100.59,5,WW,0.3141,,CN,,,
HP,Workplace,Desktop,655,,86.94,5,WW,0.3359,,CN,,,
HP,Workplace,Desktop,630,,98.79,5,WW,0.3016,,CN,,,
HP,Workplace,Desktop,535,,75.9,5,WW,0.2897,,CN,,,
HP,Workplace,Desktop,355,,41.4,5,WW,0.3521,,CN,,,
HP,Workplace,Desktop,355,,41.4,5,WW,0.3521,,CN,,,
HP,Workplace,Desktop,465,,58.2,5,WW,0.3226,,CN,,,
HP,Workplace,Desktop,505,,70.81,5,WW,0.3366,,CN,,,
HP,Workplace,Desktop,420,,17.72,5,WW,0.2857,,CN,,,
HP,Workplace,Desktop,420,,17.72,5,WW,0.2857,,CN,,,
HP,Workplace,Desktop,420,,17.72,5,WW,0.2857,,CN,,,
HP,Workplace,Desktop,400,,55.2,5,WW,0.3375,,CN,,,
HP,Workplace,Desktop,595,,78.1,5,WW,0.2773,,CN,,,
HP,Workplace,Workstation,595,,78.1,5,WW,0.2773,,CN,,,
HP,Workplace,Desktop,470,,60.9,5,WW,0.2660,,CN,,,
HP,Workplace,Desktop,345,,20.77,5,WW,0.2754,,CN,,,
HP,Workplace,Desktop,535,,65,5,WW,0.2710,,CN,,,
HP,Workplace,Desktop,535,0.4900,65,5,WW,0.2710,,CN,,,
HP,Workplace,Desktop,400,,38.1,5,WW,0.2250,,CN,,,
HP,Workplace,Desktop,520,,55.15,5,WW,0.2404,,CN,,,
HP,Workplace,Desktop,520,,51.32,5,WW,0.2308,,CN,,,
HP,Workplace,Desktop,440,,43.41,5,WW,0.2273,,CN,,,
HP,Workplace,Desktop,635,,65.47,5,WW,0.2677,,CN,,,
HP,Workplace,Desktop,535,,65,5,WW,0.2710,,CN,,,
HP,Workplace,Desktop,520,,51.32,5,WW,0.2308,,CN,,,
HP,Workplace,Monitor,465,,41.7,5,WW,0.2688,,CN,,,
HP,Workplace,Monitor,510,,59.1,5,WW,0.2745,,CN,,,
HP,Workplace,Monitor,480,,40.6,5,WW,0.2917,,CN,,,
HP,Workplace,Monitor,490,,51.2,5,WW,0.2755,,CN,,,
HP,Workplace,Monitor,565,,73.9,5,WW,0.2832,,CN,,,
HP,Workplace,Monitor,470,,43.5,5,WW,0.2660,,CN,,,
HP,Workplace,Monitor,590,,44.5,5,WW,0.2203,,CN,,,
HP,Workplace,Monitor,525,,48.4,5,WW,0.2667,,CN,,,
HP,Workplace,Monitor,505,,51.3,5,WW,0.2673,,CN,,,
HP,Workplace,Monitor,726,,76.74,5,WW,0.2314,,CN,,,
HP,Workplace,Monitor,560,,62.1,5,WW,0.2679,,CN,,,
HP,Workplace,Monitor,605,,81.25,5,WW,0.2810,,CN,,,
HP,Workplace,Monitor,490,,82.44,5,WW,0.2653,,CN,,,
HP,Workplace,Monitor,480,,53,5,WW,0.2708,,CN,,,
HP,Workplace,Monitor,650,,96.89,5,WW,0.2923,,CN,,,
HP,Workplace,Desktop,600,,83.3,5,WW,0.3667,,CN,,,
HP,Workplace,Monitor,500,,44.3,5,WW,0.2700,,CN,,,
HP,Workplace,Desktop,600,,83.3,5,WW,0.3667,,CN,,,
HP,Workplace,Monitor,525,,52.4,5,WW,0.2667,,CN,,,
HP,Workplace,Monitor,635,,82.6,5,WW,0.2835,,CN,,,
HP,Workplace,Desktop,750,,115.5,5,WW,0.4067,,CN,,,
HP,Workplace,Desktop,880,,144.9,5,WW,0.4318,,CN,,,
HP,Workplace,Desktop,670,,106.7,5,WW,0.4179,,CN,,,
HP,Workplace,Desktop,670,0.5500,106.7,5,WW,0.4179,,CN,,,
HP,Workplace,Desktop,670,,106.7,5,WW,0.4179,,CN,,,
HP,Workplace,Desktop,825,,139.5,5,WW,0.4424,,CN,,,
HP,Workplace,Desktop,985,,179.5,5,WW,0.4721,,CN,,,
HP,Workplace,Desktop,675,,99.5,5,WW,0.3926,,CN,,,
HP,Workplace,Desktop,570,,99.5,5,WW,0.4561,,CN,,,
HP,Workplace,Desktop,715,,112.3,5,WW,0.4126,,CN,,,
HP,Workplace,Desktop,715,0.5500,112.3,5,WW,0.4126,,CN,,,
HP,Workplace,Desktop,570,,99.5,5,WW,0.4561,,CN,,,
HP,Workplace,Desktop,685,,109.8,5,WW,0.4380,,CN,,,
HP,Workplace,Desktop,750,,131.1,5,WW,0.4533,,CN,,,
HP,Workplace,Desktop,750,,131.1,5,WW,0.4533,,CN,,,
HP,Workplace,Desktop,750,,131.1,5,WW,0.4533,,CN,,,
HP,Workplace,Desktop,750,,131.1,5,WW,0.4533,,CN,,,
HP,Workplace,Desktop,750,,131.1,5,WW,0.4533,,CN,,,
HP,Workplace,Desktop,725,,121,5,WW,0.4345,,CN,,,
HP,Workplace,Desktop,595,,84.7,5,WW,0.3697,,CN,,,
HP,Workplace,Desktop,530,,56.4,5,WW,0.3396,,CN,,,
HP,Workplace,Desktop,660,,78.84,5,WW,0.3485,,CN,,,
HP,Workplace,Monitor,315,,17.93,5,WW,0.3175,,CN,,,
HP,Workplace,Monitor,320,,20.7,5,WW,0.3125,,CN,,,
HP,Workplace,Desktop,470,,63.07,5,WW,0.3617,,CN,,,
HP,Workplace,Desktop,470,,63.07,5,WW,0.3617,,CN,,,
HP,Workplace,Desktop,470,,63.07,5,WW,0.3617,,CN,,,
HP,Workplace,Desktop,470,0.4600,63.07,5,WW,0.3617,,CN,,,
HP,Workplace,Desktop,795,,128.9,5,WW,0.3836,,CN,,,
HP,Workplace,Thin Client,580,,85.2,5,WW,0.2931,,CN,,,
HP,Workplace,Laptop,235,,20.3,4,WW,0.1915,,CN,,,
HP,Workplace,Desktop,370,,39.2,5,WW,0.2973,,CN,,,
HP,Workplace,Desktop,370,0.3800,39.2,5,WW,0.2973,,CN,,,
HP,Workplace,Monitor,780,,62,5,WW,0.2179,,CN,,,
HP,Workplace,Monitor,740,,119.3,5,WW,0.3041,,CN,,,
HP,Workplace,Laptop,182.0,0.21,17.86,4.0,North America,,0.73,China,,0.05,0.01
HP,Workplace,Laptop,197.0,0.14,12.48,4.0,North America,,0.81,China,,0.05,0.0
HP,Workplace,Laptop,211.0,0.2,19.93,4.0,North America,,0.75,China,,0.05,0.0
HP,Workplace,Laptop,231.0,0.18,19.76,4.0,North America,,0.76,China,,0.06,0.0
HP,Workplace,Laptop,228.0,0.17,18.54,4.0,North America,,0.77,China,,0.06,0.0
HP,Workplace,Laptop,310.0,,23.24,4.0,Worldwide,0.1935,,China,,,
HP,Workplace,Laptop,265,,11.42,4,WW,0.4151,,,,,
HP,Workplace,Laptop,194.0,0.19,17.06,4.0,North America,,0.73,China,,0.08,0.0
HP,Workplace,Laptop,230.0,0.18,18.81,4.0,North America,,0.75,China,,0.07,0.0
HP,Workplace,Laptop,194.0,0.19,17.06,4.0,North America,,0.73,China,,0.08,0.0
HP,Workplace,Laptop,360.0,,16.84,4.0,Worldwide,0.1667,,China,,,
HP,Workplace,Laptop,174.0,0.17,15.08,4.0,North America,,0.76,China,,0.06,0.01
HP,Workplace,Laptop,310.0,,15.59,4.0,Worldwide,0.1935,,China,,,
HP,Workplace,Laptop,184.0,0.15,13.19,4.0,North America,,0.79,China,,0.06,0.0
HP,Workplace,Laptop,295.0,,11.31,4.0,Worldwide,0.1864,,China,,,
HP,Workplace,Laptop,290,,11.8,4,WW,0.4483,,,,,
HP,Workplace,Laptop,305.0,,13.36,4.0,Worldwide,0.1967,,China,,,
HP,Workplace,Laptop,300.0,,12.1,4.0,Worldwide,0.2,,China,,,
HP,Workplace,Laptop,174.0,0.17,14.08,4.0,North America,,0.76,China,,0.06,0.01
HP,Workplace,Laptop,315.0,,15.74,4.0,Worldwide,0.1905,,China,,,
HP,Workplace,Laptop,315.0,,15.16,4.0,Worldwide,0.1905,,China,,,
HP,Workplace,Laptop,315.0,,13.34,4.0,Worldwide,0.1905,,China,,,
HP,Workplace,Monitor,480.0,,12.45,5.0,Worldwide,0.2292,,China,,,
HP,Workplace,Monitor,555.0,,31.9,5.0,Worldwide,0.2162,,China,,,
HP,Workplace,Monitor,555.0,,31.9,5.0,Worldwide,0.2162,,China,,,
HP,Workplace,Monitor,570.0,,40.23,5.0,Worldwide,0.2193,,China,,,
HP,Workplace,Monitor,260.0,0.59,57.52,5.0,North America,,0.39,China,,0.01,0.01
HP,Workplace,Monitor,565.0,,36.83,5.0,Worldwide,0.2124,,China,,,
HP,Workplace,Monitor,545.0,,36.83,5.0,Worldwide,0.2202,,China,,,
HP,Workplace,Monitor,545.0,,36.83,5.0,Worldwide,0.2202,,China,,,
HP,Workplace,Monitor,565.0,,36.01,5.0,Worldwide,0.2124,,China,,,
HP,Workplace,Monitor,565.0,,36.01,5.0,Worldwide,0.2124,,China,,,
HP,Workplace,Monitor,286.0,0.41,43.74,5.0,North America,,0.57,China,,0.01,0.01
HP,Workplace,Monitor,286.0,0.41,15.96,5.0,North America,,0.57,China,,0.01,0.01
HP,Workplace,Monitor,585.0,,41.0,5.0,Worldwide,0.2137,,China,,,
HP,Workplace,Monitor,575.0,,39.0,5.0,Worldwide,0.2174,,China,,,
HP,Workplace,Monitor,605.0,,45.88,5.0,Worldwide,0.2314,,China,,,
HP,Workplace,Monitor,580.0,,36.5,5.0,Worldwide,0.2155,,China,,,
HP,Workplace,Monitor,379.0,0.48,68.86,5.0,North America,,0.5,China,,0.01,0.01
HP,Workplace,Monitor,620.0,,49.0,5.0,Worldwide,0.2177,,China,,,
HP,Workplace,Monitor,665.0,,58.4,5.0,Worldwide,0.2406,,China,,,
HP,Workplace,Monitor,491.0,0.53,96.65,5.0,North America,,0.45,China,,0.01,0.01
HP,Workplace,Laptop,210,,16.4,4,WW,0.4286,,CN,,,
HP,Workplace,Desktop,894.0,0.3,100.0,5.0,North America,,0.7,China,,0.0,0.0
HP,Workplace,Laptop,300.0,,12.96,4.0,Worldwide,0.2,,China,,,
HP,Workplace,Laptop,166.0,0.22,17.21,4.0,North America,,0.71,China,,0.07,0.0
HP,Workplace,Laptop,175.0,0.21,16.93,4.0,North America,,0.71,China,,0.08,0.0
HP,Workplace,Laptop,330,,23.4,4,WW,0.3636,,,,,
HP,Workplace,Laptop,335.0,,21.2,4.0,Worldwide,0.194,,China,,,
HP,Workplace,Laptop,345.0,,20.04,4.0,Worldwide,0.1739,,China,,,
HP,Workplace,Laptop,330.0,,18.55,4.0,Worldwide,0.1818,,China,,,
HP,Workplace,Laptop,355.0,,20.83,4.0,Worldwide,0.1831,,China,,,
HP,Workplace,Laptop,325.0,,19.25,4.0,Worldwide,0.2,,China,,,
HP,Workplace,Laptop,179.0,0.17,14.45,4.0,Worldwide,,0.77,China,,0.05,0.01
HP,Workplace,Monitor,440.0,,18.74,5.0,Worldwide,0.2386,,China,,,
HP,Workplace,Monitor,440.0,,18.74,5.0,Worldwide,0.2386,,China,,,
HP,Workplace,Monitor,440.0,,18.74,5.0,Worldwide,0.2386,,China,,,
HP,Workplace,Monitor,450.0,,20.37,5.0,Worldwide,0.2444,,China,,,
HP,Workplace,Monitor,450.0,,20.37,5.0,Worldwide,0.2444,,China,,,
HP,Workplace,Monitor,485.0,,27.62,5.0,Worldwide,0.2371,,China,,,
HP,Workplace,Monitor,495.0,,27.62,5.0,Worldwide,0.2323,,China,,,
HP,Workplace,Laptop,390.0,,22.64,4.0,Worldwide,0.1795,,China,,,
HP,Workplace,Desktop,692.0,0.46,118.38,5.0,North America,,0.53,China,,0.01,0.0
HP,Workplace,Laptop,395.0,,25.68,4.0,Worldwide,0.1772,,China,,,
HP,Workplace,Laptop,180.0,0.14,11.61,4.0,North America,,0.8,China,,0.06,0.0
HP,Workplace,Laptop,180.0,0.14,11.61,4.0,North America,,0.8,China,,0.06,0.0
HP,Workplace,Laptop,167.0,0.19,14.56,4.0,North America,,0.73,China,,0.07,0.01
HP,Workplace,Laptop,167.0,0.19,14.56,4.0,North America,,0.73,China,,0.07,0.01
HP,Workplace,Laptop,182.0,0.14,12.31,4.0,North America,,0.8,China,,0.06,0.0
HP,Workplace,Laptop,182.0,0.14,12.31,4.0,North America,,0.8,China,,0.06,0.0
HP,Workplace,Monitor,250.0,0.46,42.69,5.0,North America,,0.52,China,,0.01,0.01
HP,Workplace,Monitor,249.0,0.52,48.23,5.0,North America,,0.47,China,,0.0,0.01
HP,Workplace,Monitor,296.0,0.47,52.26,5.0,North America,,0.5,China,,0.01,0.02
HP,Workplace,Laptop,345,,17.85,4,WW,0.3478,,,,,
HP,Workplace,Monitor,520.0,,35.99,5.0,Worldwide,0.2308,,China,,,
HP,Workplace,Monitor,180.0,0.47,31.56,5.0,North America,,0.51,China,,0.01,0.01
HP,Workplace,Monitor,530.0,,39.66,5.0,Worldwide,0.2453,,China,,,
HP,Workplace,Monitor,535.0,,37.41,5.0,Worldwide,0.2243,,China,,,
HP,Workplace,Monitor,228.0,0.51,43.86,5.0,North America,,0.46,China,,0.01,0.02
HP,Workplace,Monitor,550.0,,37.41,5.0,Worldwide,0.2273,,China,,,
HP,Workplace,Monitor,221.0,0.55,44.52,5.0,North America,,0.43,China,,0.01,0.01
HP,Workplace,Monitor,900.0,,105.83,5.0,Worldwide,0.2778,,China,,,
HP,Workplace,Laptop,335.0,,17.44,4.0,Worldwide,0.1791,,China,,,
HP,Workplace,Laptop,345.0,,17.28,4.0,Worldwide,0.1739,,China,,,
HP,Workplace,Laptop,360.0,,19.22,4.0,Worldwide,0.1667,,China,,,
HP,Workplace,Laptop,320.0,,17.19,4.0,Worldwide,0.1875,,China,,,
HP,Workplace,Laptop,325.0,0.08,12.63,4.0,North America,,0.89,China,,0.03,0.0
HP,Workplace,Laptop,315,,13.44,4,WW,0.3810,,,,,
HP,Workplace,Laptop,185.0,0.16,13.93,4.0,North America,,0.77,China,,0.07,0.0
HP,Workplace,Laptop,161.0,0.18,13.27,4.0,North America,,0.73,China,,0.08,0.01
HP,Workplace,Laptop,335.0,,17.26,4.0,Worldwide,0.1791,,China,,,
HP,Workplace,Laptop,380.0,0.07,12.93,4.0,North America,,0.9,China,,0.03,0.0
HP,Workplace,Laptop,315.0,,11.61,4.0,Worldwide,0.1746,,China,,,
HP,Workplace,Laptop,340,,29.5,4,WW,0.4412,,,,,
HP,Workplace,Laptop,264.0,0.21,26.41,4.0,North America,,0.69,China,,0.09,0.01
HP,Workplace,Monitor,465.0,,23.26,5.0,Worldwide,0.2366,,China,,,
HP,Workplace,Monitor,510.0,,35.5,5.0,Worldwide,0.2451,,China,,,
HP,Workplace,Monitor,175.0,0.59,38.47,5.0,North America,,0.4,China,,0.01,0.0
HP,Workplace,Monitor,525.0,,34.9,5.0,Worldwide,0.2381,,China,,,
HP,Workplace,Monitor,179.0,0.53,35.27,5.0,North America,,0.46,China,,0.01,0.0
HP,Workplace,Monitor,580.0,,45.9,5.0,Worldwide,0.2414,,China,,,
HP,Workplace,Monitor,575.0,,44.69,5.0,Worldwide,0.2261,,China,,,
HP,Workplace,Monitor,550.0,,35.15,5.0,Worldwide,0.2364,,China,,,
HP,Workplace,Monitor,605.0,,46.9,5.0,Worldwide,0.2314,,China,,,
HP,Workplace,Monitor,635.0,,56.66,5.0,Worldwide,0.2362,,China,,,
HP,Workplace,Monitor,695.0,,67.45,5.0,Worldwide,0.259,,China,,,
HP,Workplace,Monitor,720.0,,76.83,5.0,Worldwide,0.2639,,China,,,
HP,Workplace,Monitor,650.0,,57.41,5.0,Worldwide,0.2385,,China,,,
HP,Workplace,Monitor,675.0,,66.74,5.0,Worldwide,0.2519,,China,,,
HP,Workplace,Monitor,770.0,,87.05,5.0,Worldwide,0.2727,,China,,,
HP,Workplace,Monitor,508.0,0.48,91.59,5.0,North America,,0.5,China,,0.01,0.01
HP,Workplace,Monitor,778.0,0.56,162.27,5.0,North America,,0.42,China,,0.01,0.01
HP,Workplace,Laptop,310,,15.98,4,WW,0.3548,,,,,
HP,Workplace,Laptop,410.0,,38.37,4.0,Worldwide,0.2195,,China,,,
HP,Workplace,Laptop,410.0,,34.86,4.0,Worldwide,0.2073,,China,,,
HP,Workplace,Laptop,375.0,,20.5,4.0,Worldwide,0.1867,,China,,,
HP,Workplace,Laptop,445.0,,31.51,4.0,Worldwide,0.191,,China,,,
HP,Workplace,Laptop,185.0,0.16,13.93,4.0,North America,,0.77,China,,0.07,0.0
HP,Workplace,Laptop,370.0,,30.35,4.0,Worldwide,0.2162,,China,,,
HP,Workplace,Laptop,370.0,,30.35,4.0,Worldwide,0.2162,,China,,,
HP,Workplace,Monitor,1490,,315,5,WW,0.3557,,CN,,,
HP,Workplace,Monitor,650,,54.1,5,WW,0.2154,,CN,,,
HP,Workplace,Laptop,275,,24.7,4,WW,0.1818,,CN,,,
HP,Workplace,Laptop,265,,27.17,4,WW,0.1887,,CN,,,
HP,Workplace,Laptop,345,,17.85,5,WW,0.1739,,CN,,,
HP,Workplace,Laptop,350,,20.09,4,WW,0.1714,,CN,,,
HP,Workplace,Laptop,280,,31.3,4,WW,0.1786,,CN,,,
HP,Workplace,Laptop,270,,23.4,4,WW,0.1667,,CN,,,
HP,Workplace,Laptop,295,,18,5,WW,0.2034,,CN,,,
HP,Workplace,Laptop,325,,19.79,4,WW,0.1846,,CN,,,
HP,Workplace,Monitor,435,,47.5,5,WW,0.2874,,CN,,,
HP,Workplace,Monitor,435,,47.5,5,WW,0.2874,,CN,,,
HP,Workplace,Monitor,590,,37.7,5,WW,0.2119,,CN,,,
HP,Workplace,Monitor,405,,35.5,5,WW,0.2840,,CN,,,
HP,Workplace,Monitor,460,,54,5,WW,0.2826,,CN,,,
HP,Workplace,Monitor,460,,51.4,5,WW,0.2826,,CN,,,
HP,Workplace,Monitor,500,,62,5,WW,0.2800,,CN,,,
HP,Workplace,Monitor,760,,139.2,5,WW,0.3289,,CN,,,
HP,Workplace,Monitor,381.0,0.57,82.04,5.0,North America,,0.41,China,,0.01,0.01
HP,Workplace,Monitor,470.0,0.63,110.31,5.0,North America,,0.35,China,,0.01,0.01
HP,Workplace,Laptop,425.0,,28.45,4.0,Worldwide,0.1882,,China,,,
HP,Workplace,Laptop,485.0,,35.66,4.0,Worldwide,0.2062,,China,,,
HP,Workplace,Monitor,385,,32.9,5,WW,0.3506,,CN,,,
HP,Workplace,Monitor,460,,23.07,5,WW,0.2391,,CN,,,
HP,Workplace,Monitor,460,0.1191,23.07,5,WW,0.2391,,CN,,,
HP,Workplace,Monitor,460,,23.26,5,WW,0.2283,,CN,,,
HP,Workplace,Monitor,415,,42.2,5,WW,0.2892,,CN,,,
HP,Workplace,Monitor,415,,35.5,5,WW,0.2892,,CN,,,
HP,Workplace,Monitor,515,,35.4,5,WW,0.2233,,CN,,,
HP,Workplace,Monitor,523,,37.6,5,WW,0.2294,,CN,,,
HP,Workplace,Monitor,520,,35.99,5,WW,0.2308,,CN,,,
HP,Workplace,Monitor,400,,34.2,5,WW,0.2750,,CN,,,
HP,Workplace,Monitor,400,,34.2,5,WW,0.2750,,CN,,,
HP,Workplace,Monitor,530,,35.99,5,WW,0.2264,,CN,,,
HP,Workplace,Monitor,540,,42.66,5,WW,0.2315,,CN,,,
HP,Workplace,Monitor,535,,37.41,5,WW,0.2243,,CN,,,
HP,Workplace,Monitor,655,,45.3,5,WW,0.1985,,CN,,,
HP,Workplace,Monitor,415,,36.4,5,WW,0.2771,,CN,,,
HP,Workplace,Monitor,530,,36.4,5,WW,0.2264,,CN,,,
HP,Workplace,Monitor,430,,37.4,5,WW,0.2721,,CN,,,
HP,Workplace,Monitor,535,,35.4,5,WW,0.2243,,CN,,,
HP,Workplace,Monitor,535,,35.4,5,WW,0.2243,,CN,,,
HP,Workplace,Monitor,450,,44.9,5,WW,0.2778,,CN,,,
HP,Workplace,Monitor,590,,47.06,5,WW,0.2288,,CN,,,
HP,Workplace,Laptop,265,,29.6,4,WW,0.1698,,CN,,,
HP,Workplace,Laptop,230,,15.69,4,WW,0.2174,,CN,,,
HP,Workplace,Laptop,230,,15.69,4,WW,0.2174,,CN,,,
HP,Workplace,Tablet,175,,26.3,2,WW,0.3714,,CN,,,
HP,Workplace,Laptop,255,,25.4,4,WW,0.1765,,CN,,,
HP,Workplace,Laptop,240,,18.8,5,WW,0.1875,,CN,,,
HP,Workplace,Laptop,315,,13.44,4,WW,0.1905,,CN,,,
HP,Workplace,Laptop,315,,14.48,4,WW,0.1746,,CN,,,
HP,Workplace,Laptop,265,,27.17,4,WW,0.1887,,CN,,,
HP,Workplace,Laptop,240,,18.3,4,WW,0.1875,,CN,,,
HP,Workplace,Laptop,345,,17.85,5,WW,0.1739,,CN,,,
HP,Workplace,Laptop,300,,12.59,4,WW,0.1833,,CN,,,
HP,Workplace,Laptop,265,,18.44,5,WW,0.1887,,CN,,,
HP,Workplace,Laptop,250,,22.1,4,WW,0.1800,,CN,,,
HP,Workplace,Laptop,300,,26.3,4,WW,0.1667,,CN,,,
HP,Workplace,Laptop,260,,21.6,5,WW,0.1731,,CN,,,
HP,Workplace,Laptop,345,,16.8,4,WW,0.1739,,CN,,,
HP,Workplace,Laptop,325,,14.74,4,WW,0.1846,,CN,,,
HP,Workplace,Laptop,300,,26.4,4,WW,0.1667,,CN,,,
HP,Workplace,Laptop,260,,21.2,4,WW,0.1731,,CN,,,
HP,Workplace,Laptop,300,,31.4,4,WW,0.1833,,CN,,,
HP,Workplace,Laptop,315,,13.8,4,WW,0.1905,,CN,,,
HP,Workplace,Laptop,350,,20.09,4,WW,0.1714,,CN,,,
HP,Workplace,Laptop,275,,19.9,4,WW,0.1818,,CN,,,
HP,Workplace,Laptop,255,,14.4,5,WW,0.1961,,CN,,,
HP,Workplace,Laptop,250,,15.4,4,WW,0.1800,,CN,,,
HP,Workplace,Laptop,250,,15.4,4,WW,0.1800,,CN,,,
HP,Workplace,Laptop,305,,14.48,4,WW,0.1803,,CN,,,
HP,Workplace,Laptop,290,,29.7,4,WW,0.1724,,CN,,,
HP,Workplace,Laptop,295,,35.3,4,WW,0.1695,,CN,,,
HP,Workplace,Laptop,295,,21.79,4,WW,0.1864,,CN,,,
HP,Workplace,Laptop,260,,12.96,4,WW,0.1923,,CN,,,
HP,Workplace,Laptop,260,,15.1,4,WW,0.1923,,CN,,,
HP,Workplace,Laptop,260,,15.1,4,WW,0.1923,,CN,,,
HP,Workplace,Laptop,330,,16.1,4,WW,0.1818,,CN,,,
HP,Workplace,Laptop,310,,30.2,4,WW,0.1613,,CN,,,
HP,Workplace,Laptop,275,,13.4,4,WW,0.2182,,CN,,,
HP,Workplace,Laptop,240,,16.7,4,WW,0.1875,,CN,,,
HP,Workplace,Laptop,240,,16.7,4,WW,0.1875,,CN,,,
HP,Workplace,Laptop,235,,13.9,4,WW,0.1915,,CN,,,
HP,Workplace,Laptop,240,,14.9,4,WW,0.1875,,CN,,,
HP,Workplace,Laptop,235,,9.9,4,WW,0.1915,,CN,,,
HP,Workplace,Laptop,310,,9.89,4,WW,0.1935,,CN,,,
HP,Workplace,Laptop,240,,17.03,4,WW,0.1875,,CN,,,
HP,Workplace,Desktop,350,,40.2,5,WW,0.3429,,CN,,,
HP,Workplace,Desktop,280,,27.6,5,WW,0.2679,,CN,,,
HP,Workplace,Desktop,485,,67.3,5,WW,0.3402,,CN,,,
HP,Workplace,Desktop,470,,64,5,WW,0.3404,,CN,,,
HP,Workplace,Desktop,320,,18,5,WW,0.2969,,CN,,,
HP,Workplace,Desktop,485,,63.4,5,WW,0.3402,,CN,,,
HP,Workplace,Desktop,460,,53.5,5,WW,0.2717,,CN,,,
HP,Workplace,Desktop,410,,40.09,5,WW,0.2317,,CN,,,
HP,Workplace,Desktop,718,,113.8,5,WW,0.2967,,CN,,,
HP,Workplace,Desktop,515,,48.1,5,WW,0.3107,,CN,,,
HP,Workplace,Desktop,600,,53.98,5,WW,0.3500,,CN,,,
HP,Workplace,Desktop,590,,53.68,5,WW,0.2203,,CN,,,
HP,Workplace,Desktop,515,,63.2,5,WW,0.2913,,CN,,,
HP,Workplace,Desktop,645,,83.9,5,WW,0.2558,,CN,,,
HP,Workplace,Desktop,415,,40.32,5,WW,0.2410,,CN,,,
HP,Workplace,Desktop,615,,57.81,5,WW,0.2439,,CN,,,
HP,Workplace,Desktop,500,,72.3,5,WW,0.3500,,CN,,,
HP,Workplace,Desktop,730,,119.9,5,WW,0.3151,,CN,,,
HP,Workplace,Desktop,705,,64.2,5,WW,0.2411,,CN,,,
HP,Workplace,Desktop,760,,81.03,5,WW,0.2434,,CN,,,
HP,Workplace,Desktop,350,,39.9,5,WW,0.3429,,CN,,,
HP,Workplace,Desktop,470,,61.5,5,WW,0.3298,,CN,,,
HP,Workplace,Desktop,450,,56.7,5,WW,0.3222,,CN,,,
HP,Workplace,Desktop,470,,64.2,5,WW,0.3404,,CN,,,
HP,Workplace,Desktop,470,0.4700,64.2,5,WW,0.3404,,CN,,,
HP,Workplace,Desktop,330,,39.97,5,WW,0.2818,,CN,,,
HP,Workplace,Desktop,330,0.4900,39.97,5,WW,0.2818,,CN,,,
HP,Workplace,Desktop,965,,137.3,5,WW,0.2798,,CN,,,
HP,Workplace,Desktop,495,,147.3,5,WW,0.2727,,CN,,,
HP,Workplace,Desktop,520,,72.4,5,WW,0.3462,,CN,,,
HP,Workplace,Desktop,520,0.4200,72.4,5,WW,0.3462,,CN,,,
HP,Workplace,Desktop,300,,17.4,5,WW,0.2333,,CN,,,
HP,Workplace,Desktop,620,,61,5,WW,0.2419,,CN,,,
HP,Workplace,Desktop,645,,66.6,5,WW,0.2481,,CN,,,
HP,Workplace,Desktop,657,,75,5,WW,0.2496,,CN,,,
HP,Workplace,Desktop,415,,40.9,5,WW,0.2169,,CN,,,
HP,Workplace,Desktop,675,,54.39,5,WW,0.2296,,CN,,,
HP,Workplace,Desktop,675,0.3704,54.39,5,WW,0.2296,,CN,,,
HP,Workplace,Desktop,600,,53.68,5,WW,0.2250,,CN,,,
HP,Workplace,Desktop,675,,54.39,5,WW,0.2296,,CN,,,
HP,Workplace,Desktop,796,,140.83,5,WW,0.3304,,CN,,,
HP,Workplace,Desktop,345,,348.2,5,WW,0.2609,,CN,,,
HP,Workplace,Desktop,670,,54.39,5,WW,0.2239,,CN,,,
HP,Workplace,Monitor,425,,43.4,5,WW,0.2824,,CN,,,
HP,Workplace,Monitor,435,,46.1,5,WW,0.2874,,CN,,,
HP,Workplace,Monitor,435,,46.1,5,WW,0.2874,,CN,,,
HP,Datacenter,Server,3710,0.8590,563.5,4,EU,,,EU,Rack,,
HP,Datacenter,Server,4210,0.8790,658.9,4,EU,,,EU,Rack,,
HP,Datacenter,Server,4160,0.8870,806.3,4,EU,,,EU,Rack,,
HP,Datacenter,Server,7980,0.9120,1291.8,4,EU,,,EU,Rack,,
HP,Datacenter,Server,6270,0.8740,1050.24,4,EU,,,EU,Rack,,
HP,Datacenter,Server,4780,0.8830,745.62,4,EU,,,EU,Rack,,
HP,Datacenter,Server,5360,0.8620,2044,4,EU,,,EU,Rack,,
HP,Datacenter,Server,8540,0.8720,3232,4,EU,,,EU,Rack,,
HP,Datacenter,Server,4550,0.8600,684.9,4,EU,,,EU,Tower,,
HP,Datacenter,Server,2810,0.8150,398.8,4,EU,,,EU,Tower,,
HP,Datacenter,Server,9490,0.8900,1560.6,4,EU,,,EU,Rack,,
HP,Datacenter,Server,9930,0.8860,1543,4,EU,,,EU,Blade,,
HP,Workplace,Desktop,420,,64.7,5,WW,0.4048,,CN,,,
HP,Workplace,Desktop,425,,64.7,5,WW,0.4000,,CN,,,
HP,Workplace,Desktop,540,,77.7,5,WW,0.3796,,CN,,,
HP,Workplace,Desktop,595,,87,5,WW,0.4034,,CN,,,
HP,Workplace,Desktop,555,,82,5,WW,0.3874,,CN,,,
HP,Workplace,Desktop,555,0.5100,82,5,WW,0.3874,,CN,,,
HP,Workplace,Desktop,575,,82.1,5,WW,0.3652,,CN,,,
HP,Workplace,Desktop,490,,57.67,5,WW,0.2857,,CN,,,
HP,Workplace,Desktop,530,,60.29,5,WW,0.3396,,CN,,,
HP,Workplace,Desktop,575,,82.1,5,WW,0.3652,,CN,,,
HP,Workplace,Desktop,530,,60.29,5,WW,0.3113,,CN,,,
HP,Workplace,Desktop,475,,73.4,5,WW,0.4105,,CN,,,
HP,Workplace,Desktop,670,,114.7,5,WW,0.4478,,CN,,,
HP,Workplace,Desktop,670,,114.7,5,WW,0.4478,,CN,,,
HP,Workplace,Desktop,660,,93.31,5,WW,0.2727,,CN,,,
HP,Workplace,Desktop,520,,59.9,5,WW,0.2981,,CN,,,
HP,Workplace,Desktop,505,,67.4,5,WW,0.3564,,CN,,,
HP,Workplace,Desktop,505,0.4500,67.4,5,WW,0.3564,,CN,,,
HP,Workplace,Desktop,465,,73.8,5,WW,0.4086,,CN,,,
HP,Workplace,Monitor,305,,14.3,5,WW,0.3279,,CN,,,
HP,Workplace,Monitor,1000,0.2757,116.1,5,WW,0.2500,,CN,,,
HP,Workplace,Monitor,970,,116.1,5,WW,0.2371,,CN,,,
HP,Workplace,Desktop,575,,100.3,5,WW,0.3304,,CN,,,
HP,Workplace,Laptop,350,,21.52,4,WW,0.1714,,CN,,,
HP,Workplace,Laptop,355,,21.5,4,WW,0.1831,,CN,,,
HP,Workplace,Laptop,430,,29.5,4,WW,0.1744,,CN,,,
HP,Workplace,Desktop,990,,184.7,5,WW,0.4798,,CN,,,
HP,Workplace,Desktop,990,0.6100,184.7,5,WW,0.4798,,CN,,,
HP,Workplace,Laptop,230,,18.3,4,WW,0.1957,,CN,,,
HP,Workplace,Laptop,230,,18.5,4,WW,0.1957,,CN,,,
HP,Workplace,Laptop,230,,18.5,4,WW,0.1957,,CN,,,
HP,Workplace,Thin Client,95,,15.1,5,WW,0.4737,,CN,,,
HP,Workplace,Thin Client,110,,35,5,WW,0.3636,,CN,,,
HP,Workplace,Thin Client,75,,13.6,5,WW,0.4667,,CN,,,
HP,Workplace,Desktop,105,,33.5,5,WW,0.3810,,CN,,,
HP,Workplace,Thin Client,105,,33.5,5,WW,0.3810,,CN,,,
HP,Workplace,Thin Client,130,,34.81,5,WW,0.3462,,CN,,,
HP,Workplace,Thin Client,310,,163.6,5,WW,0.4032,,CN,,,
HP,Workplace,Thin Client,185,,80.1,5,WW,0.3784,,CN,,,
HP,Workplace,Monitor,375,0.1944,30.7,5,WW,0.2933,,CN,,,
HP,Workplace,Monitor,480,0.1395,28.19,5,WW,0.2292,,CN,,,
HP,Workplace,Monitor,540,0.1815,41.26,5,WW,0.2315,,CN,,,
HP,Workplace,Monitor,330,0.1085,15.07,5,WW,0.3030,,CN,,,
HP,Workplace,Monitor,568,0.2059,49.25,5,WW,0.2377,,CN,,,
HP,Workplace,Monitor,545,0.1952,44.8,5,WW,0.2294,,CN,,,
HP,Workplace,Monitor,550,0.1599,37.04,5,WW,0.2273,,CN,,,
HP,Workplace,Monitor,430,0.2292,41.5,5,WW,0.2791,,CN,,,
HP,Workplace,Monitor,565,0.1732,41.2,5,WW,0.2212,,CN,,,
HP,Workplace,Monitor,475,0.2320,46.4,5,WW,0.2737,,CN,,,
HP,Workplace,Monitor,475,0.2320,46.4,5,WW,0.2737,,CN,,,
HP,Workplace,Monitor,470,0.2335,46.2,5,WW,0.2660,,CN,,,
HP,Workplace,Monitor,475,0.2555,51.1,5,WW,0.2737,,CN,,,
HP,Workplace,Monitor,530,0.2854,63.68,5,WW,0.2830,,CN,,,
HP,Workplace,Laptop,440.0,,24.91,4.0,Worldwide,0.1932,,China,,,
HP,Workplace,Laptop,460.0,,31.85,4.0,Worldwide,0.2065,,China,,,
HP,Workplace,Workstation,695,,105.7,5,WW,0.3453,,CN,,,
HP,Workplace,Desktop,535,,65,5,WW,0.2710,,CN,,,
HP,Workplace,Desktop,785,,126.06,5,WW,0.3057,,CN,,,
HP,Workplace,Workstation,520,,67.4,5,WW,0.3173,,CN,,,
HP,Workplace,Workstation,715,,112.7,5,WW,0.2867,,CN,,,
HP,Workplace,Workstation,395,,12.36,5,WW,0.2152,,CN,,,
HP,Workplace,Workstation,395,,12.36,5,WW,0.2152,,CN,,,
HP,Workplace,Workstation,530,,46.8,5,WW,0.2547,,CN,,,
HP,Workplace,Workstation,670,,103.43,5,WW,0.2985,,CN,,,
HP,Workplace,Workstation,770,,115.66,5,WW,0.2727,,CN,,,
HP,Workplace,Monitor,460,0.2303,44.6,5,WW,0.2717,,CN,,,
HP,Workplace,Monitor,465,0.2487,48.7,5,WW,0.2688,,CN,,,
HP,Workplace,Monitor,490,0.2423,50,5,WW,0.2755,,CN,,,
HP,Workplace,Monitor,565,0.2762,65.7,5,WW,0.2655,,CN,,,
HP,Workplace,Monitor,600,0.3503,88.49,5,WW,0.3000,,CN,,,
HP,Workplace,Monitor,695,0.3346,97.9,5,WW,0.2806,,CN,,,
HP,Workplace,Monitor,615,0.3047,78.9,5,WW,0.2764,,CN,,,
HP,Workplace,Monitor,700,0.2999,88.4,5,WW,0.2714,,CN,,,
HP,Workplace,Monitor,1280,0.4726,254.7,5,WW,0.3438,,CN,,,
HP,Workplace,Monitor,705,0.3433,101.9,5,WW,0.2837,,CN,,,
HP,Workplace,Monitor,935,0.3645,143.5,5,WW,0.2941,,CN,,,
HP,Workplace,Workstation,940,,52.1,5,WW,0.2606,,CN,,,
HP,Workplace,Monitor,800,0.3088,104,5,WW,0.2688,,CN,,,
HP,Workplace,Workstation,790,,52.1,5,WW,0.3544,,CN,,,
HP,Workplace,Workstation,790,,52.1,5,WW,0.3544,,CN,,,
HP,Workplace,Workstation,900,,57.8,5,WW,0.3389,,CN,,,
HP,Workplace,Laptop,255,,18.9,4,WW,0.1765,,CN,,,
HP,Workplace,Laptop,265,,28.8,4,WW,0.1887,,CN,,,
HP,Workplace,Laptop,375,,22.9,4,WW,0.1733,,CN,,,
HP,Workplace,Laptop,385,,39.6,4,WW,0.1818,,CN,,,
HP,Workplace,Laptop,400,,37.51,4,WW,0.2125,,CN,,,
HP,Workplace,Laptop,415,,38.5,4,WW,0.1687,,CN,,,
HP,Workplace,Laptop,385,,43.4,4,WW,0.1688,,CN,,,
HP,Workplace,Laptop,335,,50,4,WW,0.1642,,CN,,,
HP,Workplace,Laptop,285,,26.2,4,WW,0.1754,,CN,,,
HP,Workplace,Laptop,280,,22.83,4,WW,0.1786,,CN,,,
HP,Workplace,Laptop,510,,47.7,4,WW,0.1569,,CN,,,
HP,Workplace,Laptop,540,,69.8,4,WW,0.1759,,CN,,,
HP,Workplace,Laptop,485,,57.5,4,WW,0.1711,,CN,,,
HP,Workplace,Laptop,470,,26.02,4,WW,0.1809,,CN,,,
HP,Workplace,Laptop,310,,15.98,4,WW,0.1774,,CN,,,
HP,Workplace,Laptop,280,,19.96,4,WW,0.1964,,CN,,,
HP,Workplace,Laptop,505,,25.89,4,WW,0.1881,,CN,,,
HP,Workplace,Laptop,535,,31.74,4,WW,0.1776,,CN,,,
HP,Workplace,Laptop,365,,20.5,4,WW,0.1781,,CN,,,
HP,Workplace,Laptop,325,,28.41,4,WW,0.1846,,CN,,,
HP,Workplace,Laptop,355,,47.71,4,WW,0.1831,,CN,,,
HP,Workplace,Laptop,470,,26.02,4,WW,0.1809,,CN,,,
HP,Workplace,Laptop,355,,47.71,4,WW,0.1831,,CN,,,
HP,Workplace,Laptop,330,,38.8,4,WW,0.1818,,CN,,,
HP,Workplace,Workstation,620,,30.36,5,WW,0.2258,,CN,,,
HP,Workplace,Laptop,325,,18.29,4,WW,0.1846,,CN,,,
HP,Workplace,Laptop,325,,18.29,4,WW,0.1846,,CN,,,
HP,Workplace,Laptop,300,,12.59,4,WW,0.1833,,CN,,,
HP,Workplace,Laptop,325,,18.29,4,WW,0.1846,,CN,,,
HP,Workplace,Laptop,285,,16.8,4,WW,0.1754,,CN,,,
HP,Workplace,Laptop,265,,18.44,5,WW,0.1887,,CN,,,
HP,Workplace,Desktop,625,,85.06,5,WW,0.2880,,CN,,,
HP,Workplace,Desktop,560,,72.83,5,WW,0.3393,,CN,,,
HP,Workplace,Desktop,540,,60.2,5,WW,0.2593,,CN,,,
HP,Workplace,Desktop,750,,125.62,5,WW,0.3133,,CN,,,
HP,Workplace,Desktop,561,,67.2,5,WW,0.2906,,CN,,,
HP,Workplace,Desktop,660,,93.31,5,WW,0.2727,,CN,,,
HP,Workplace,Desktop,575,,82.1,5,WW,0.3652,,CN,,,
HP,Workplace,Desktop,520,,59.9,5,WW,0.2981,,CN,,,
HP,Workplace,Desktop,540,,60.29,5,WW,0.3333,,CN,,,
HP,Workplace,Desktop,1120,,218.5,5,WW,0.3527,,CN,,,
HP,Workplace,Desktop,830,,129.62,5,WW,0.2952,,CN,,,
HP,Workplace,Laptop,335,,14.5,4,WW,0.1642,,CN,,,
Lenovo,Workplace,Laptop,204,0.2900,,5,EU,0.1961,,CN,,,
Lenovo,Workplace,Monitor,331,0.4300,,3,EU,0.1873,,CN,,,
Lenovo,Workplace,Laptop,206,0.2500,,5,EU,0.1942,,CN,,,
Lenovo,Workplace,Laptop,293,0.1700,,4,US,0.2048,,CN,,,
Lenovo,Workplace,Laptop,308,0.1700,,4,US,0.2110,,CN,,,
Lenovo,Workplace,Monitor,339,0.2300,,3,,0.2566,,CN,,,
Lenovo,Workplace,Monitor,343,0.4700,,5,WW,0.3294,,CN,,,
Lenovo,Workplace,Monitor,343,0.4700,,5,WW,0.3294,,CN,,,
Lenovo,Workplace,Monitor,351,0.4900,,5,WW,0.3362,,CN,,,
Lenovo,Workplace,Monitor,569,0.5800,,5,WW,0.3743,,CN,,,
Lenovo,Workplace,Laptop,196,0.1800,,5,EU,0.2041,,CN,,,
Lenovo,Workplace,Laptop,318,0.1800,,5,US,0.2013,,CN,,,
Lenovo,Workplace,Laptop,211,0.1800,,5,EU,0.2227,,CN,,,
Lenovo,Workplace,Monitor,347,0.2400,,3,,0.3256,,CN,,,
Lenovo,Workplace,Monitor,366,0.2400,,5,WW,0.2568,,CN,,,
Lenovo,Workplace,Monitor,551,0.3900,,5,WW,0.2033,,CN,,,
Lenovo,Workplace,Laptop,232,0.2800,,5,US,0.2112,,CN,,,
Lenovo,Workplace,Monitor,287,0.6200,,3,EU,0.1672,,CN,,,
Lenovo,Workplace,Monitor,207,0.4600,,3,EU,0.2077,,CN,,,
Lenovo,Workplace,Monitor,351,0.3600,,3,EU,0.1567,,CN,,,
Lenovo,Workplace,Laptop,348,0.2800,,5,US,0.2615,,CN,,,
Lenovo,Workplace,Laptop,332,0.2800,,5,US,0.2530,,CN,,,
Lenovo,Workplace,Laptop,292,0.2900,,5,US,0.2260,,CN,,,
Lenovo,Workplace,Laptop,296,0.3000,,5,US,0.2128,,CN,,,
Lenovo,Workplace,Laptop,257,0.2600,,5,US,0.1790,,CN,,,
Lenovo,Workplace,Laptop,362,0.4900,,5,US,0.2265,,CN,,,
Lenovo,Workplace,Laptop,375,0.4700,,5,US,0.2293,,CN,,,
Lenovo,Workplace,Laptop,251,0.2000,,5,US,0.1554,,CN,,,
Lenovo,Workplace,Monitor,364,0.4600,,5,,0.5247,,CN,,,
Lenovo,Workplace,Monitor,343,0.5300,,5,WW,0.4315,,CN,,,
Lenovo,Workplace,Monitor,465,0.2700,,5,WW,0.2968,,CN,,,
Lenovo,Workplace,Monitor,475,0.2800,,5,WW,0.2947,,CN,,,
Lenovo,Workplace,Desktop,293,0.0800,,1.5,US,0.4334,,CN,,,
Lenovo,Workplace,Desktop,510,0.5200,,1.5,US,0.2588,,CN,,,
Lenovo,Workplace,Desktop,772,0.7600,,5,US,0.4249,,CN,,,
Lenovo,Workplace,Desktop,734,0.7600,,5,US,0.4700,,CN,,,
Lenovo,Workplace,Desktop,376,0.3900,,5,US,0.2686,,CN,,,
Lenovo,Workplace,Desktop,323,0.0800,,3,US,0.2755,,CN,,,
Lenovo,Workplace,Desktop,698,0.5400,,5,US,0.2679,,CN,,,
Lenovo,Workplace,Desktop,636,0.5400,,5,WW,0.3381,,CN,,,
Lenovo,Workplace,Desktop,761,0.5800,,5,WW,0.2116,,Asia,,,
Lenovo,Workplace,Desktop,795,0.7500,,5,US,0.4604,,CN,,,
Lenovo,Workplace,Desktop,889,0.4800,,5,WW,0.3172,,CN,,,
Lenovo,Workplace,Desktop,722,0.5300,,5,WW,0.3393,,CN,,,
Lenovo,Workplace,Desktop,753,0.5900,,5,WW,0.2125,,Asia,,,
Lenovo,Workplace,Desktop,667,0.5400,,5,US,0.3043,,,,,
Lenovo,Workplace,Desktop,772,0.6600,,5,US,0.3666,,,,,
Lenovo,Workplace,Desktop,628,0.6200,,5,US,0.2723,,CN,,,
Lenovo,Workplace,Desktop,710,0.5700,,5,WW,0.3577,,CN,,,
Lenovo,Workplace,Desktop,965,0.6900,,5,US,0.3865,,CN,,,
Lenovo,Workplace,Desktop,634.11,0.3700,,,WW,0.2771,,Asia,,,
Lenovo,Workplace,Desktop,598.45,0.2200,,,WW,0.2026,,Asia,,,
Lenovo,Workplace,Desktop,616.21,0.2000,,,WW,0.2012,,Asia,,,
Lenovo,Workplace,Desktop,721,0.1500,,,WW,0.2089,,Asia,,,
Lenovo,Workplace,Desktop,476,0.5400,,,WW,0.3340,,default,,,
Lenovo,Workplace,Desktop,733.475,0.2500,,,WW,0.2165,,Asia,,,
Lenovo,Workplace,Desktop,857.5,0.2100,,,WW,0.2070,,Asia,,,
Lenovo,Workplace,Desktop,651,0.4700,,,WW,0.3518,,Asia,,,
Lenovo,Workplace,Desktop,1454,0.7100,,,US,0.4415,,Asia,,,
Lenovo,Workplace,Desktop,323,0.0800,,3,US,0.2755,,CN,,,
Lenovo,Workplace,Desktop,830,0.6300,,5,US,0.2843,,CN,,,
Lenovo,Workplace,Desktop,370,0.3300,,5,WW,0.2838,,CN,,,
Lenovo,Workplace,Desktop,675,0.6500,,5,WW,0.3896,,CN,,,
Lenovo,Workplace,Desktop,824,0.6400,,5,EU,0.2257,,,,,
Lenovo,Workplace,Desktop,946,0.5900,,4,US,0.3340,,,,,
Lenovo,Workplace,Desktop,1362,0.7400,,5,US,0.4207,,CN,,,
Lenovo,Workplace,Desktop,1338,0.6500,,5,US,0.4567,,CN,,,
Lenovo,Workplace,Desktop,867.56,0.4400,,,WW,0.3368,,Asia,,,
Lenovo,Workplace,Laptop,236,0.2000,,5,US,0.1653,,CN,,,
Lenovo,Workplace,Laptop,208,0.0800,,2,US,0.2500,,CN,,,
Lenovo,Workplace,Laptop,244,0.0400,,2,EU,0.2459,,CN,,,
Lenovo,Workplace,Laptop,426,0.3400,,5,US,0.1643,,CN,,,
Lenovo,Workplace,Laptop,332,0.3200,,5,US,0.1717,,CN,,,
Lenovo,Workplace,Laptop,442,0.3300,,5,US,0.1810,,CN,,,
Lenovo,Workplace,Laptop,436,0.3300,,5,US,0.1628,,CN,,,
Lenovo,Workplace,Laptop,359,0.2700,,5,US,0.1894,,CN,,,
Lenovo,Workplace,Laptop,255,0.2300,,5,US,0.1647,,CN,,,
Lenovo,Workplace,Laptop,236,0.1900,,5,EU,0.2076,,CN,,,
Lenovo,Workplace,Laptop,330,0.1900,,5,EU,0.1818,,CN,,,
Lenovo,Workplace,Laptop,310,0.1400,,5,EU,0.1968,,CN,,,
Lenovo,Workplace,Laptop,251,0.1400,,5,US,0.2470,,CN,,,
Lenovo,Workplace,Laptop,231,0.0800,,3,EU,0.2165,,CN,,,
Lenovo,Workplace,Laptop,212,0.0700,,5,US,0.2264,,CN,,,
Lenovo,Workplace,Laptop,199,0.1800,,5,US,0.2312,,CN,,,
Lenovo,Workplace,Laptop,210,0.1300,,5,US,0.2238,,CN,,,
Lenovo,Workplace,Laptop,223,0.1200,,5,US,0.2377,,CN,,,
Lenovo,Workplace,Laptop,339,0.2600,,5,US,0.1504,,CN,,,
Lenovo,Workplace,Laptop,321,0.2600,,5,US,0.1402,,CN,,,
Lenovo,Workplace,Laptop,339,0.2600,,5,US,0.1504,,CN,,,
Lenovo,Workplace,Laptop,418,0.3400,,5,US,0.1603,,CN,,,
Lenovo,Workplace,Laptop,271,0.2300,,5,US,0.1882,,CN,,,
Lenovo,Workplace,Laptop,372,0.3100,,5,US,0.1613,,CN,,,
Lenovo,Workplace,Laptop,324,0.2400,,5,US,0.2130,,CN,,,
Lenovo,Workplace,Laptop,273,0.2300,,5,US,0.1795,,CN,,,
Lenovo,Workplace,Laptop,270,0.0700,,5,US,0.1852,,CN,,,
Lenovo,Workplace,Laptop,279,0.2500,,5,US,0.2115,,CN,,,
Lenovo,Workplace,Laptop,309,0.3000,,5,US,0.1715,,CN,,,
Lenovo,Workplace,Laptop,294,0.2400,,5,US,0.2007,,CN,,,
Lenovo,Workplace,Laptop,360,0.3000,,6,US,0.1944,,CN,,,
Lenovo,Workplace,Laptop,255,0.1700,,5,EU,0.2039,,CN,,,
Lenovo,Workplace,Laptop,304,0.1800,,4,EU,0.2270,,CN,,,
Lenovo,Workplace,Laptop,232,0.2800,,5,US,0.2112,,CN,,,
Lenovo,Workplace,Laptop,232,0.1500,,5,US,0.2457,,CN,,,
Lenovo,Workplace,Laptop,339,0.2600,,5,US,0.1504,,CN,,,
Lenovo,Workplace,Laptop,418,0.3400,,5,US,0.1603,,CN,,,
Lenovo,Workplace,Laptop,422,0.3400,,5,US,0.1588,,CN,,,
Lenovo,Workplace,Laptop,295,0.2400,,5,US,0.2000,,CN,,,
Lenovo,Workplace,Laptop,273,0.1600,,5,US,0.1832,,CN,,,
Lenovo,Workplace,Laptop,282,0.2000,,5,US,0.1950,,CN,,,
Lenovo,Workplace,Laptop,264,0.2400,,5,US,0.1970,,CN,,,
Lenovo,Workplace,Laptop,296,0.2700,,5,US,0.1959,,CN,,,
Lenovo,Workplace,Laptop,415,0.4300,,5,US,0.2193,,CN,,,
Lenovo,Workplace,Laptop,435,0.4100,,5,US,0.2207,,CN,,,
Lenovo,Workplace,Laptop,456,0.3200,,5,US,0.1601,,CN,,,
Lenovo,Workplace,Laptop,425,0.3600,,5,US,0.1529,,CN,,,
Lenovo,Workplace,Laptop,273,0.1100,,5,US,0.2454,,CN,,,
Lenovo,Workplace,Laptop,252,0.2900,,5,US,0.1825,,CN,,,
Lenovo,Workplace,Laptop,293,0.1500,,5,US,0.1706,,CN,,,
Lenovo,Workplace,Laptop,293,0.1800,,5,US,0.1706,,CN,,,
Lenovo,Workplace,Laptop,289,0.2000,,3,US,0.2215,,CN,,,
Lenovo,Workplace,Laptop,249,0.2700,,5,US,0.1807,,CN,,,
Lenovo,Workplace,Laptop,289,0.1900,,5,US,0.4706,,CN,,,
Lenovo,Workplace,Laptop,217,0.2700,,5,US,0.2120,,CN,,,
Lenovo,Workplace,Laptop,310,0.2600,,5,US,0.1258,,CN,,,
Lenovo,Workplace,Laptop,307,0.1300,,5,US,0.1303,,CN,,,
Lenovo,Workplace,Laptop,293,0.2000,,4,US,0.1195,,CN,,,
Lenovo,Workplace,Laptop,218,0.2300,,5,US,0.2431,,CN,,,
Lenovo,Workplace,Laptop,186,0.1900,,5,US,0.2204,,CN,,,
Lenovo,Workplace,Laptop,268,0.1600,,3,US,0.1978,,CN,,,
Lenovo,Workplace,Laptop,301,0.1800,,3,US,0.2027,,CN,,,
Lenovo,Workplace,Laptop,242,0.3100,,5,US,0.1860,,CN,,,
Lenovo,Workplace,Laptop,267,0.1300,,5,US,0.2622,,CN,,,
Lenovo,Workplace,Laptop,220,0.1400,,5,US,0.2500,,CN,,,
Lenovo,Workplace,Laptop,275,0.2700,,5,US,0.2036,,CN,,,
Lenovo,Workplace,Laptop,336,0.4300,,5,US,0.1815,,CN,,,
Lenovo,Workplace,Laptop,336,0.4300,,5,US,0.1815,,CN,,,
Lenovo,Workplace,Laptop,242,0.1900,,5,EU,0.1653,,CN,,,
Lenovo,Workplace,Laptop,292,0.1900,,5,EU,0.1712,,CN,,,
Lenovo,Workplace,Laptop,248,0.2900,,5,US,0.1895,,CN,,,
Lenovo,Workplace,Laptop,213,0.1500,,5,US,0.2160,,CN,,,
Lenovo,Workplace,Laptop,266,0.2600,,5,US,0.2030,,CN,,,
Lenovo,Workplace,Laptop,225,0.1400,,5,US,0.2356,,CN,,,
Lenovo,Workplace,Laptop,184,0.2500,,5,US,0.2500,,CN,,,
Lenovo,Workplace,Laptop,297,0.3200,,5,US,0.1313,,CN,,,
Lenovo,Workplace,Laptop,335,0.3500,,5,US,0.1761,,CN,,,
Lenovo,Workplace,Laptop,215,0.2900,,5,US,0.2093,,CN,,,
Lenovo,Workplace,Laptop,239,0.2200,,5,US,0.1925,,CN,,,
Lenovo,Workplace,Laptop,245,0.1700,,5,US,0.2367,,CN,,,
Lenovo,Workplace,Laptop,293,0.2200,,5,US,0.1399,,CN,,,
Lenovo,Workplace,Laptop,246,0.3100,,2,US,0.2195,,CN,,,
Lenovo,Workplace,Laptop,267,0.1000,,3,EU,0.2022,,CN,,,
Lenovo,Workplace,Laptop,329,0.2500,,5,US,0.1915,,CN,,,
Lenovo,Workplace,Laptop,329,0.2500,,5,US,0.1915,,CN,,,
Lenovo,Workplace,Laptop,263,0.2500,,5,US,0.2053,,CN,,,
Lenovo,Workplace,Laptop,419,0.4200,,5,US,0.2124,,CN,,,
Lenovo,Workplace,Monitor,384,0.4000,,5,WW,0.4115,,CN,,,
Lenovo,Workplace,Monitor,642,0.1700,,3,WW,0.2243,,CN,,,
Lenovo,Workplace,Monitor,395,0.5100,,5,WW,0.3468,,CN,,,
Lenovo,Workplace,Monitor,433,0.5000,,5,WW,0.3418,,CN,,,
Lenovo,Workplace,Monitor,414,0.5000,,5,WW,0.3357,,CN,,,
Lenovo,Workplace,Monitor,305,0.3400,,2,,0.2656,,CN,,,
Lenovo,Workplace,Laptop,368,0.2100,,3,US,0.1848,,CN,,,
Lenovo,Workplace,Laptop,429,0.2900,,3,US,0.2028,,CN,,,
Lenovo,Workplace,Desktop,974,0.5900,,5,WW,0.4127,,Asia,,,
Lenovo,Workplace,Desktop,1026,0.7300,,6,WW,0.4181,,Asia,,,
Lenovo,Workplace,Desktop,938,0.4100,,3,US,0.2623,,CN,,,
Lenovo,Workplace,Desktop,762,0.2800,,3,US,0.2402,,CN,,,
Lenovo,Workplace,Desktop,1005,0.5700,,5,WW,0.4050,,Asia,,,
Lenovo,Workplace,Desktop,938,0.4300,,3,US,0.2431,,CN,,,
Lenovo,Workplace,Monitor,500,0.4500,,5,WW,0.2940,,CN,,,
Lenovo,Workplace,Desktop,732,0.3700,,3,WW,0.4208,,CN,,,
Lenovo,Workplace,Laptop,345,0.2500,,5,US,0.2145,,CN,,,
Lenovo,Workplace,Laptop,356,0.2900,,6,US,0.2107,,CN,,,
Lenovo,Workplace,Desktop,960,0.6200,,5,US,0.3010,,CN,,,
Lenovo,Workplace,Laptop,493,0.2300,,5,EU,0.1379,,CN,,,
Lenovo,Workplace,Laptop,573,0.2000,,5,EU,0.1344,,CN,,,
Lenovo,Workplace,Laptop,456,0.1500,,5,US,0.1601,,CN,,,
Lenovo,Workplace,Desktop,1359,0.7200,,5,US,0.3171,,CN,,,
Lenovo,Workplace,Monitor,509,0.4700,,5,WW,0.1925,,CN,,,
Lenovo,Workplace,Monitor,309,0.4700,,5,WW,0.1942,,CN,,,
Lenovo,Workplace,Monitor,616,0.6500,,3,EU,0.1948,,CN,,,
Lenovo,Workplace,Monitor,261,0.3500,,3,EU,0.1916,,CN,,,
Lenovo,Workplace,Monitor,333,0.4700,,3,EU,0.1742,,CN,,,
Lenovo,Workplace,Monitor,288,0.4000,,3,EU,0.2083,,CN,,,
Lenovo,Workplace,Monitor,545,0.5400,,3,EU,0.1908,,CN,,,
Lenovo,Workplace,Monitor,1141,0.7500,,5,WW,0.2095,,CN,,,
Lenovo,Workplace,Laptop,273,0.2400,,5,US,0.1355,,CN,,,
Lenovo,Workplace,Laptop,335,0.3200,,5,US,0.1343,,CN,,,
Lenovo,Workplace,Laptop,296,0.2400,,5,US,0.1520,,CN,,,
Lenovo,Workplace,Laptop,433,0.3600,,5,US,0.1547,,CN,,,
Lenovo,Workplace,Laptop,248,0.2200,,5,US,0.2218,,CN,,,
Lenovo,Workplace,Laptop,296,0.2800,,5,US,0.2466,,CN,,,
Lenovo,Workplace,Laptop,425,0.3600,,5,US,0.1529,,CN,,,
Lenovo,Workplace,Laptop,232,0.1600,,5,EU,0.1940,,CN,,,
Lenovo,Workplace,Laptop,362,0.4900,,5,US,0.2320,,CN,,,
Lenovo,Workplace,Monitor,825,0.1600,,5,WW,0.2812,,CN,,,
Lenovo,Workplace,Monitor,334,0.4700,,5,WW,0.3593,,CN,,,
Lenovo,Workplace,Monitor,408,0.4900,,5,,0.2941,,CN,,,
Lenovo,Workplace,Monitor,394,0.5100,,5,WW,0.3426,,CN,,,
Lenovo,Workplace,Monitor,401,0.5000,,5,WW,0.3741,,CN,,,
Lenovo,Workplace,Desktop,569,0.5500,,4,US,0.2970,,CN,,,
Lenovo,Workplace,Desktop,677,0.5600,,4,US,0.3013,,CN,,,
Lenovo,Workplace,Laptop,62,0.1800,,3,US,0.3226,,CN,,,
Lenovo,Workplace,Monitor,295,0.4900,,3,WW,0.1831,,CN,,,
Lenovo,Workplace,Monitor,256,0.4100,,3,WW,0.1836,,CN,,,
Lenovo,Workplace,Monitor,752.75,0.3000,,3,WW,0.1876,,CN,,,
Lenovo,Workplace,Monitor,256,0.4100,,3,WW,0.1836,,CN,,,
Lenovo,Workplace,Monitor,459,0.6200,,3,WW,0.1895,,CN,,,
Lenovo,Workplace,Monitor,867,0.7900,,5,WW,0.1995,,CN,,,
Lenovo,Workplace,Monitor,862,0.8000,,5,WW,0.2007,,CN,,,
Lenovo,Workplace,Monitor,728.969,0.2600,,3,WW,0.3947,,CN,,,
Lenovo,Workplace,Monitor,447,0.6900,,5,EU,0.1767,,CN,,,
Lenovo,Workplace,Monitor,507,0.6200,,3,WW,0.1933,,CN,,,
Lenovo,Workplace,Monitor,356,0.3800,,5,WW,0.4438,,CN,,,
Lenovo,Workplace,Monitor,508,0.5700,,5,WW,0.3740,,CN,,,
Lenovo,Workplace,Laptop,256,0.1900,,5,EU,0.1953,,CN,,,
Lenovo,Workplace,Laptop,214,0.1500,,5,EU,0.2150,,CN,,,
Lenovo,Workplace,Laptop,262,0.2900,,5,US,0.2023,,CN,,,
Lenovo,Workplace,Laptop,238,0.1500,,5,US,0.1975,,CN,,,
Lenovo,Workplace,Laptop,219,0.1500,,5,EU,0.2100,,CN,,,
Lenovo,Workplace,Desktop,872,0.6000,,4,US,0.1468,,CN,,,
Lenovo,Workplace,Desktop,881,0.6100,,4,US,0.1975,,CN,,,
Lenovo,Workplace,Desktop,247,0.4800,,5,US,0.1579,,CN,,,
Lenovo,Workplace,Desktop,425,0.3800,,5,WW,0.2188,,CN,,,
Lenovo,Workplace,Desktop,743.08,0.2000,,3,WW,0.2101,,CN,,,
Lenovo,Workplace,Desktop,604,0.5100,,5,WW,0.3295,,WW,,,
Lenovo,Workplace,Desktop,474,0.2800,,5,WW,0.2247,,CN,,,
Lenovo,Workplace,Desktop,624,0.5100,,5,WW,0.3317,,WW,,,
Lenovo,Workplace,Desktop,284,0.4800,,3,US,0.1655,,CN,,,
Lenovo,Workplace,Desktop,753,0.5700,,5,WW,0.1660,,Asia,,,
Lenovo,Workplace,Desktop,570,0.4900,,5,,0.2316,,Asia,,,
Lenovo,Workplace,Desktop,661,0.3600,,1.5,US,0.2678,,CN,,,
Lenovo,Workplace,Desktop,628,0.6600,,5,WW,0.1513,,CN,,,
Lenovo,Workplace,Desktop,272,0.5900,,5,WW,0.3346,,Asia,,,
Lenovo,Workplace,Desktop,640,0.6500,,5,WW,0.1500,,CN,,,
Lenovo,Workplace,Desktop,1150,0.6700,,5,WW,0.2722,,CN,,,
Lenovo,Workplace,Desktop,426,0.4600,,5,WW,0.2981,,CN,,,
Lenovo,Workplace,Desktop,176,0.6700,,5,WW,0.4318,,CN,,,
Lenovo,Workplace,Desktop,327,0.3900,,3,US,0.1865,,CN,,,
Lenovo,Workplace,Desktop,1176,0.6400,,5,WW,0.2891,,CN,,,
Lenovo,Workplace,Desktop,767,0.6400,,5,WW,0.3963,,Asia,,,
Lenovo,Workplace,Desktop,479,0.6300,,5,WW,0.4342,,Asia,,,
Lenovo,Workplace,Desktop,824,0.5600,,5,WW,0.3143,,Asia,,,
Lenovo,Workplace,Desktop,883,0.4800,,5,WW,0.3216,,CN,,,
Lenovo,Workplace,Desktop,894,0.5900,,5,WW,0.3546,,CN,,,
Lenovo,Workplace,Desktop,683,0.4100,,4,EU,0.1933,,CN,,,
Lenovo,Workplace,Desktop,544,0.1600,,4,EU,0.7114,,CN,,,
Lenovo,Workplace,Desktop,741,0.3900,,4,EU,0.1808,,CN,,,
Lenovo,Workplace,Desktop,125.45,0.3000,,3,US,0.2649,,CN,,,
Lenovo,Workplace,Desktop,478,0.4400,,5,WW,0.2950,,CN,,,
Lenovo,Workplace,Desktop,866,0.5800,,5,WW,0.3441,,CN,,,
Lenovo,Workplace,Desktop,474,0.2800,,5,WW,0.2247,,CN,,,
Lenovo,Workplace,Desktop,579,0.4900,,5,WW,0.3264,,CN,,,
Lenovo,Workplace,Desktop,579,0.4900,,5,WW,0.3264,,CN,,,
Lenovo,Workplace,Desktop,756,0.6100,,5,WW,0.1362,,,,,
Lenovo,Workplace,Desktop,670,0.5100,,5,WW,0.3284,,CN,,,
Lenovo,Workplace,Desktop,689,0.6100,,,WW,0.3469,,Asia,,,
Lenovo,Workplace,Desktop,826,0.2700,,,WW,0.1513,,CN,,,
Lenovo,Workplace,Desktop,832,0.4800,,4,US,0.1815,,CN,,,
Lenovo,Workplace,Desktop,597,0.3000,,4,US,0.1273,,CN,,,
Lenovo,Workplace,Desktop,1032,0.5200,,4,US,0.1734,,CN,,,
Lenovo,Workplace,Desktop,690.39,0.2300,,3,WW,0.2062,,CN,,,
Lenovo,Workplace,Desktop,571,0.4100,,5,WW,0.2855,,CN,,,
Lenovo,Workplace,Desktop,494.7,0.2800,,5,WW,0.2274,,CN,,,
Lenovo,Workplace,Desktop,719,0.4900,,5,WW,0.2420,,CN,,,
Lenovo,Workplace,Desktop,622,0.4500,,4,,0.1286,,,,,
Lenovo,Workplace,Desktop,771,0.4900,,4,,0.1388,,,,,
Lenovo,Workplace,Desktop,691,0.4300,,3,WW,0.1375,,Asia,,,
Lenovo,Workplace,Desktop,79,0.3000,,3,US,0.4177,,CN,,,
Lenovo,Workplace,Desktop,310,0.1100,,3,US,0.2323,,CN,,,
Lenovo,Workplace,Desktop,819,0.5500,,5,WW,0.1709,,Asia,,,
Lenovo,Workplace,Desktop,338.082,0.4100,,3,US,0.1916,,CN,,,
Lenovo,Workplace,Desktop,805,0.5300,,5,WW,0.2012,,Asia,,,
Lenovo,Workplace,Desktop,338.082,0.4100,,4,US,0.1916,,CN,,,
Lenovo,Workplace,Desktop,551,0.6600,,3,WW,0.3721,,CN,,,
Lenovo,Workplace,Desktop,248,0.3000,,3,WW,0.3024,,CN,,,
Lenovo,Workplace,Desktop,341,0.4900,,3,WW,0.3255,,CN,,,
Lenovo,Workplace,Desktop,904,0.2000,,,WW,0.1493,,CN,,,
Lenovo,Workplace,Desktop,832,0.4800,,4,US,0.1815,,CN,,,
Lenovo,Workplace,Desktop,600,0.2500,,4,US,0.6183,,CN,,,
Lenovo,Workplace,Desktop,1032,0.5200,,4,US,0.1734,,CN,,,
Lenovo,Workplace,Monitor,305,0.3900,,5,WW,3.2796,,CN,,,
Lenovo,Workplace,Monitor,304,0.3900,,5,WW,0.3059,,CN,,,
Lenovo,Workplace,Monitor,331,0.4200,,5,WW,0.3142,,CN,,,
Lenovo,Workplace,Monitor,308,0.3800,,5,WW,0.3052,,CN,,,
Lenovo,Workplace,Laptop,150,0.1600,,4,US,0.4800,,CN,,,
Lenovo,Workplace,Laptop,150,0.1600,,4,US,0.2400,,CN,,,
Lenovo,Workplace,Laptop,329,0.2800,,,US,0.1368,,CN,,,
Lenovo,Workplace,Laptop,322,0.2900,,,US,0.1398,,CN,,,
Lenovo,Workplace,Laptop,232,0.2000,,,US,0.2026,,CN,,,
Lenovo,Workplace,Laptop,263,0.0700,,2,US,0.2091,,CN,,,
Lenovo,Workplace,Laptop,291,0.3100,,4,US,0.2337,,CN,,,
Lenovo,Workplace,Laptop,354,0.1800,,,US,0.2316,,CN,,,
Lenovo,Workplace,Laptop,272,0.3800,,,US,0.3162,,CN,,,
Lenovo,Workplace,Laptop,272,0.3800,,,US,0.1581,,CN,,,
Lenovo,Workplace,Laptop,296,0.2800,,5,US,0.3784,,CN,,,
Lenovo,Workplace,Laptop,296,0.2800,,5,US,0.1892,,CN,,,
Lenovo,Workplace,Laptop,159,0.1500,,4,US,0.4654,,CN,,,
Lenovo,Workplace,Laptop,415,0.3100,,5,US,0.2699,,CN,,,
Lenovo,Workplace,Laptop,415,0.3100,,5,US,0.1349,,CN,,,
Lenovo,Workplace,Laptop,269,0.3600,,5,US,0.1859,,CN,,,
Lenovo,Workplace,Laptop,385,0.3700,,5,US,0.1740,,CN,,,
Lenovo,Workplace,Laptop,338,0.3500,,5,US,0.1391,,CN,,,
Lenovo,Workplace,Laptop,276,0.1800,,5,EU,0.3913,,CN,,,
Lenovo,Workplace,Laptop,276,0.1800,,5,EU,0.2065,,CN,,,
Lenovo,Workplace,Laptop,300,0.1700,,5,EU,0.2200,,CN,,,
Lenovo,Workplace,Laptop,324,0.2400,,4,US,0.1605,,CN,,,
Lenovo,Workplace,Laptop,351,0.2900,,4,US,0.1624,,CN,,,
Lenovo,Workplace,Laptop,340,0.2300,,4,US,0.1559,,CN,,,
Lenovo,Workplace,Laptop,622,0.1500,,4,US,0.1736,,CN,,,
Lenovo,Workplace,Laptop,304,0.2100,,5,EU,0.1711,,CN,,,
Lenovo,Workplace,Laptop,348,0.1900,,4,US,0.1667,,CN,,,
Lenovo,Workplace,Laptop,622,0.1500,,4,US,0.1736,,CN,,,
Lenovo,Workplace,Laptop,379,0.3000,,,US,0.1398,,CN,,,
Lenovo,Workplace,Laptop,384,0.2500,,4,US,0.1693,,CN,,,
Lenovo,Workplace,Laptop,352,0.2300,,,US,0.1790,,CN,,,
Lenovo,Workplace,Laptop,325,0.2100,,5,EU,0.1815,,CN,,,
Lenovo,Workplace,Laptop,326,0.2300,,5,EU,0.1840,,CN,,,
Lenovo,Workplace,Laptop,273,0.1300,,3,US,0.1319,,CN,,,
Lenovo,Workplace,Laptop,333,0.2600,,4,US,0.1622,,CN,,,
Lenovo,Workplace,Laptop,291,0.2100,,4,US,0.1546,,CN,,,
Lenovo,Workplace,Laptop,499,0.1400,,3,US,0.1242,,CN,,,
Lenovo,Workplace,Laptop,499,0.1400,,3,US,0.1242,,CN,,,
Lenovo,Workplace,Laptop,396,0.2800,,4,US,0.1616,,CN,,,
Lenovo,Workplace,Laptop,329,0.0700,,4,US,0.1672,,CN,,,
Lenovo,Workplace,Laptop,522,0.1300,,3,US,0.1322,,CN,,,
Lenovo,Workplace,Laptop,364,0.2400,,5,US,0.1566,,CN,,,
Lenovo,Workplace,Laptop,344,0.0600,,2,EU,0.1919,,CN,,,
Lenovo,Workplace,Laptop,298,0.1900,,5,WW,0.2081,,CN,,,
Lenovo,Workplace,Laptop,278,0.1400,,1.5,Asia,0.1727,,CN,,,
Lenovo,Workplace,Laptop,334,0.2000,,4,US,0.1587,,CN,,,
Lenovo,Workplace,Laptop,505,0.2300,,5,US,0.1446,,CN,,,
Lenovo,Workplace,Laptop,351,0.3000,,5,US,0.1738,,CN,,,
Lenovo,Workplace,Laptop,441,0.2100,,,US,0.1542,,CN,,,
Lenovo,Workplace,Laptop,442,0.2200,,,US,0.1538,,CN,,,
Lenovo,Workplace,Laptop,359,0.2900,,5,US,0.2089,,CN,,,
Lenovo,Workplace,Laptop,342,0.1600,,3,EU,0.2456,,CN,,,
Lenovo,Workplace,Laptop,809,0.3200,,5,US,0.1286,,CN,,,
Lenovo,Workplace,Laptop,498,0.2000,,5,EU,0.2349,,CN,,,
Lenovo,Workplace,Laptop,937,0.0800,,,US,0.1601,,CN,,,
Lenovo,Workplace,Laptop,457,0.2300,,5,EU,0.1991,,CN,,,
Lenovo,Workplace,Laptop,246,0.2100,,6,US,0.2114,,CN,,,
Lenovo,Workplace,Laptop,360,0.1700,,4,US,0.1583,,CN,,,
Lenovo,Workplace,Laptop,416,0.1300,,2,US,0.1587,,CN,,,
Lenovo,Workplace,Laptop,349,0.1500,,3,US,0.1060,,CN,,,
Lenovo,Workplace,Laptop,349,0.1500,,3,US,0.1060,,CN,,,
Lenovo,Workplace,Laptop,342,0.1800,,3,US,0.1053,,CN,,,
Lenovo,Workplace,Laptop,301,0.1400,,4,US,0.1595,,CN,,,
Lenovo,Workplace,Laptop,315,0.1600,,4,US,0.1524,,CN,,,
Lenovo,Workplace,Laptop,471,0.1400,,4,US,0.1423,,CN,,,
Lenovo,Workplace,Laptop,359,0.2600,,,US,0.1755,,CN,,,
Lenovo,Workplace,Laptop,461,0.1600,,,US,0.1432,,CN,,,
Lenovo,Workplace,Laptop,393,0.3000,,5,US,0.1552,,CN,,,
Lenovo,Workplace,Laptop,466,0.2500,,5,,0.1502,,CN,,,
Lenovo,Workplace,Laptop,440,0.1300,,,US,0.1455,,CN,,,
Lenovo,Workplace,Laptop,350,0.3100,,5,US,0.1714,,CN,,,
Lenovo,Workplace,Laptop,261,0.2600,,5,US,0.2222,,CN,,,
Lenovo,Workplace,Laptop,421,0.1000,,5,EU,0.2565,,CN,,,
Lenovo,Workplace,Laptop,421,0.1000,,5,EU,0.2565,,CN,,,
Lenovo,Workplace,Laptop,304,0.1400,,5,EU,0.2171,,CN,,,
Lenovo,Workplace,Laptop,233,0.1600,,5,EU,0.4077,,CN,,,
Lenovo,Workplace,Laptop,307,0.1400,,5,EU,0.2248,,CN,,,
Lenovo,Workplace,Laptop,353,0.2300,,5,US,0.1756,,CN,,,
Lenovo,Workplace,Laptop,345,0.2600,,4,US,0.1681,,CN,,,
Lenovo,Workplace,Laptop,475,0.2300,,,US,0.1495,,CN,,,
Lenovo,Workplace,Laptop,409,0.3200,,,US,0.1736,,CN,,,
Lenovo,Workplace,Laptop,278,0.1000,,3,EU,0.2950,,CN,,,
Lenovo,Workplace,Laptop,433,0.0900,,5,EU,0.2587,,CN,,,
Lenovo,Workplace,Laptop,455,0.4000,,5,US,0.1451,,CN,,,
Lenovo,Workplace,Laptop,279,0.1700,,,US,0.1971,,CN,,,
Lenovo,Workplace,Laptop,244,0.1600,,,EU,0.2090,,CN,,,
Lenovo,Workplace,Laptop,315,0.2500,,5,US,0.1841,,CN,,,
Lenovo,Workplace,Laptop,295,0.2300,,5,WW,0.2305,,CN,,,
Lenovo,Workplace,Laptop,374,0.2400,,2,,0.1578,,CN,,,
Lenovo,Workplace,Laptop,337,0.2100,,5,,0.1958,,CN,,,
Lenovo,Workplace,Laptop,264,0.1100,,3,EU,0.2652,,CN,,,
Lenovo,Workplace,Laptop,355,0.1900,,,US,0.1746,,CN,,,
Lenovo,Workplace,Laptop,275,0.2500,,4,US,0.1564,,CN,,,
Lenovo,Workplace,Laptop,271,0.2500,,4,US,0.1550,,CN,,,
Lenovo,Workplace,Laptop,269,0.2400,,4,US,0.1561,,CN,,,
Lenovo,Workplace,Laptop,400,0.1800,,4,US,0.1350,,CN,,,
Lenovo,Workplace,Laptop,668,0.1000,,5,US,0.1677,,CN,,,
Lenovo,Workplace,Laptop,258,0.2300,,5,US,0.1822,,CN,,,
Lenovo,Workplace,Laptop,229,0.1500,,5,EU,0.1616,,CN,,,
Lenovo,Workplace,Laptop,246,0.2000,,4,EU,0.1951,,CN,,,
Lenovo,Workplace,Laptop,297,0.1900,,5,,0.1818,,CN,,,
Lenovo,Workplace,Monitor,458,0.5500,,5,US,0.3035,,CN,,,
Lenovo,Workplace,Monitor,293,0.1500,,3,EU,0.2355,,CN,,,
Lenovo,Datacenter,Server,3664,0.5000,,3,US,0.1793,,Asia,,,
Lenovo,Datacenter,Server,2410,0.7700,,3,US,0.1382,,Asia,,,
Lenovo,Datacenter,Server,6267,0.7000,,3,US,0.1936,,Asia,,,
Lenovo,Datacenter,Server,13036,0.3400,,3,US,0.5741,,CN,,,
Lenovo,Datacenter,Server,10058,0.4300,,3,US,0.6456,,Asia,,,
Lenovo,Datacenter,Server,13737,0.3300,,3,US,0.5455,,CN,,,
Lenovo,Datacenter,Server,25144.2,0.7300,,3,US,0.2473,,Asia,,,
Lenovo,Workplace,Monitor,640,0.2000,,5,WW,0.1750,,CN,,,
Lenovo,Workplace,Monitor,295,0.4200,,5,,0.2847,,CN,,,
Lenovo,Workplace,Monitor,405,0.3500,,5,,0.2914,,CN,,,
Lenovo,Workplace,Monitor,442,0.4200,,5,WW,0.4276,,CN,,,
Lenovo,Workplace,Monitor,657.08,0.1600,,5,WW,0.2255,,CN,,,
Lenovo,Workplace,Monitor,633,0.1700,,5,WW,0.2054,,CN,,,
Lenovo,Workplace,Monitor,697.85,0.1700,,5,WW,0.2147,,CN,,,
Lenovo,Workplace,Monitor,649.5,0.4500,,5,WW,0.2288,,CN,,,
Lenovo,Workplace,Monitor,378,0.5000,,5,WW,0.2937,,CN,,,
Lenovo,Workplace,Monitor,754.5,0.2000,,5,WW,0.2266,,CN,,,
Lenovo,Workplace,Monitor,444,0.5300,,3,WW,0.1937,,CN,,,
Lenovo,Workplace,Monitor,213,0.3300,,5,WW,0.3005,,CN,,,
Lenovo,Workplace,Monitor,325,0.3700,,5,WW,0.2677,,CN,,,
Lenovo,Workplace,Monitor,358,0.4600,,5,WW,0.2933,,CN,,,
Lenovo,Workplace,Monitor,352,0.3600,,5,WW,0.2670,,CN,,,
Lenovo,Workplace,Monitor,614,0.6500,,5,WW,0.1954,,CN,,,
Lenovo,Workplace,Monitor,384,0.2000,,2,,0.2969,,CN,,,
Lenovo,Workplace,Monitor,894,0.3900,,5,WW,0.2606,,CN,,,
Lenovo,Workplace,Monitor,545,0.5300,,5,,0.3046,,CN,,,
Lenovo,Workplace,Monitor,689,0.6100,,5,,0.3628,,CN,,,
Lenovo,Workplace,Monitor,442,0.4100,,5,WW,0.3439,,CN,,,
Lenovo,Workplace,Monitor,517,0.4500,,5,WW,0.3366,,CN,,,
Lenovo,Workplace,Monitor,384,0.4000,,5,WW,0.3984,,CN,,,
Lenovo,Workplace,Monitor,303,0.2900,,3,,0.2706,,CN,,,
Lenovo,Workplace,Monitor,442,0.4200,,5,WW,0.4118,,CN,,,
Lenovo,Workplace,Monitor,408,0.4900,,5,WW,0.3333,,CN,,,
Lenovo,Workplace,Monitor,305,0.3400,,2,,0.2656,,CN,,,
Lenovo,Workplace,Monitor,357,0.3500,,5,WW,0.4174,,CN,,,
Lenovo,Workplace,Monitor,334,0.3300,,3,WW,0.2635,,CN,,,
Lenovo,Workplace,Monitor,312,0.2900,,3,,0.2660,,,,,
Lenovo,Workplace,Laptop,287,0.2900,,5,US,0.1742,,CN,,,
Lenovo,Workplace,Laptop,408,0.4400,,5,US,0.2108,,CN,,,
Lenovo,Workplace,Laptop,326,0.2700,,5,US,0.1963,,CN,,,
Lenovo,Workplace,Laptop,408,0.4400,,5,US,0.2108,,CN,,,
Lenovo,Workplace,Laptop,220,0.2200,,5,EU,0.2227,,CN,,,
Lenovo,Workplace,Laptop,297,0.2600,,5,US,0.1852,,CN,,,
Lenovo,Workplace,Desktop,452,0.2500,,,WW,0.2677,,Asia,,,
Lenovo,Workplace,Desktop,677.992,0.1300,,3,WW,0.1903,,CN,,,
Lenovo,Workplace,Laptop,385,0.3800,,5,US,0.3143,,CN,,,
Lenovo,Workplace,Laptop,407,0.3900,,5,US,0.3194,,CN,,,
Lenovo,Workplace,Desktop,765,0.5200,,5,US,0.3059,,CN,,,
Lenovo,Workplace,Laptop,324,0.2400,,5,US,0.2130,,CN,,,
Lenovo,Workplace,Laptop,425,0.3600,,5,US,0.1529,,CN,,,
Lenovo,Workplace,Desktop,699,0.4600,,,WW,0.4220,,CN,,,
Lenovo,Workplace,Desktop,323,0.4400,,5,WW,0.3127,,CN,,,
Lenovo,Workplace,Desktop,323,0.4400,,5,WW,0.3127,,CN,,,
Lenovo,Workplace,Laptop,210,0.2700,,5,EU,0.2381,,CN,,,
Lenovo,Workplace,Laptop,357,0.3600,,5,US,0.1737,,CN,,,
Lenovo,Workplace,Laptop,357,0.3600,,5,US,0.1737,,CN,,,
Lenovo,Workplace,Desktop,293,0.0800,,1.5,US,0.4334,,CN,,,
Lenovo,Workplace,Desktop,875,0.4400,,,WW,0.2937,,CN,,,
Lenovo,Workplace,Desktop,614.38,0.2000,,,WW,0.2013,,Asia,,,
Lenovo,Workplace,Desktop,658.38,0.1800,,,WW,0.2069,,Asia,,,
Lenovo,Workplace,Desktop,640,0.3200,,1.5,US,0.2531,,CN,,,
Lenovo,Workplace,Desktop,659,0.5100,,5,WW,0.2640,,default,,,
Lenovo,Workplace,Desktop,608,0.5800,,,US,0.3470,,CN,,,
Lenovo,Workplace,Desktop,740,0.5800,,5,WW,0.2149,,Asia,,,
Lenovo,Workplace,Desktop,747,0.5700,,5,WW,0.2142,,Asia,,,
Lenovo,Workplace,Desktop,825,0.4700,,5,WW,0.2933,,CN,,,
Lenovo,Workplace,Desktop,678,0.5100,,5,WW,0.3186,,CN,,,
Lenovo,Workplace,Desktop,678,0.5100,,5,WW,0.3186,,CN,,,
Lenovo,Workplace,Desktop,855,0.6600,,5,WW,0.2901,,CN,,,
Lenovo,Workplace,Desktop,663,0.4200,,,WW,0.3922,,CN,,,
Lenovo,Workplace,Desktop,742,0.4500,,,WW,0.3356,,CN,,,
Lenovo,Workplace,Desktop,883,0.4800,,5,WW,0.3216,,CN,,,
Lenovo,Workplace,Desktop,706,0.6000,,5,WW,0.3711,,CN,,,
Lenovo,Workplace,Laptop,252,0.2100,,5,US,0.2063,,CN,,,
Lenovo,Workplace,Laptop,241,0.2500,,5,US,0.1909,,CN,,,
Lenovo,Workplace,Laptop,437,0.3000,,5,US,0.1693,,CN,,,
Lenovo,Workplace,Laptop,437,0.3000,,5,US,0.1693,,CN,,,
Lenovo,Workplace,Laptop,236,0.1600,,5,EU,0.1737,,CN,,,
Lenovo,Workplace,Laptop,306,0.2000,,5,US,0.1667,,CN,,,
Lenovo,Workplace,Laptop,260,0.2400,,5,US,0.2077,,CN,,,
Lenovo,Workplace,Laptop,389,0.4400,,5,US,0.2108,,CN,,,
Lenovo,Workplace,Laptop,405,0.3100,,5,US,0.1457,,CN,,,
Lenovo,Workplace,Laptop,312,0.2500,,5,US,0.1218,,CN,,,
Lenovo,Workplace,Laptop,312,0.2500,,5,US,0.1218,,CN,,,
Lenovo,Workplace,Laptop,283,0.1800,,5,EU,0.1767,,CN,,,
Lenovo,Workplace,Laptop,362,0.1900,,5,EU,0.1878,,CN,,,
Lenovo,Workplace,Laptop,409,0.4400,,5,US,0.2078,,CN,,,
Lenovo,Workplace,Laptop,409,0.4400,,5,US,0.2078,,CN,,,
Lenovo,Workplace,Laptop,365,0.3000,,5,US,0.1397,,CN,,,
Lenovo,Workplace,Laptop,192,0.3800,,3,US,0.3021,,CN,,,
Lenovo,Workplace,Laptop,200,0.1600,,5,US,0.2550,,CN,,,
Lenovo,Workplace,Laptop,200,0.1600,,5,US,0.2550,,CN,,,
Lenovo,Workplace,Laptop,221,0.2300,,5,US,0.2217,,CN,,,
Lenovo,Workplace,Laptop,243,0.2200,,5,US,0.2222,,CN,,,
Lenovo,Workplace,Laptop,291,0.3400,,5,US,0.1649,,CN,,,
Lenovo,Workplace,Laptop,365,0.2800,,5,US,0.1973,,CN,,,
Lenovo,Workplace,Laptop,211,0.3600,,5,US,0.2417,,CN,,,
Lenovo,Workplace,Laptop,329,0.2500,,5,US,0.1915,,CN,,,
Lenovo,Workplace,Laptop,238,0.2300,,5,US,0.2017,,CN,,,
Lenovo,Workplace,Laptop,394,0.1900,,5,US,0.1447,,CN,,,
Lenovo,Workplace,Laptop,238,0.2400,,5,US,0.1975,,CN,,,
Lexmark,Workplace,Printer,8230,0.9891,23.4,5,US,,,,Laser,,
Lexmark,Workplace,Printer,8730,0.9908,24.4,5,US,,,,Laser,,
Lexmark,Workplace,Printer,5590,0.9767,15.08,5,US,,,,Laser Couleur,,
Lexmark,Workplace,Printer,5750,0.9774,16.12,5,US,,,,Laser Couleur,,
Lexmark,Workplace,Printer,6130,0.9788,18.72,5,US,,,,Laser Couleur,,
Lexmark,Workplace,Printer,23800,0.9412,260,5,US,,,,Laser Multi Couleur,,
Lexmark,Workplace,Printer,8770,0.9875,28,5,US,,,,Laser Multi,,
Lexmark,Workplace,Printer,5610,0.9750,17.68,5,US,,,,Laser Multi Couleur,,
Lexmark,Workplace,Printer,5780,0.9740,17.68,5,US,,,,Laser Multi Couleur,,
Lexmark,Workplace,Printer,6150,0.9772,19.24,5,US,,,,Laser Multi Couleur,,
Lexmark,Workplace,Printer,8250,0.9867,22.8,5,US,,,,Laser Multi,,
Samsung,Workplace,Smartphone,20.5,0.357,,2,EU,,0.462,KR,,0.168,0.014
Samsung,Workplace,Smartphone,29.7,0.091,,2,EU,,0.501,KR,,0.178,0.017
Samsung,Workplace,Smartphone,25,0.386,,2,EU,,0.419,KR,,0.183,0.014
Samsung,Workplace,Tablet,62.8,0.232,,2,EU,,0.523,KR,,0.223,0.022
Samsung,Workplace,Tablet,51.2,0.553,,2,EU,,0.252,KR,,0.185,0.011
Samsung,Workplace,Tablet,48.2,0.386,,2,EU,,0.166,KR,,0.166,0.011
Samsung,Workplace,Smartphone,32.3,0.378,,2,EU,,0.465,KR,,0.147,0.010
Seagate,Datacenter,Hard drive,137.7,0.904,34.7,5,,,,,,,
Seagate,Datacenter,Hard drive,266,0.9020,67,5,,,,,3.5in,,
Seagate,Datacenter,Hard drive,151.2,0.7710,32.5,5,,,,,,,
Seagate,Datacenter,Hard drive,180,0.9100,46.4,5,,,,,,,
Seagate,Datacenter,Hard drive,425,0.5800,67.4,5,WW,,,,,,
Seagate,Datacenter,Hard drive,358,0.8200,72.4,5,WW,,,,,,
Seagate,Datacenter,Hard drive,165.6,0.9300,43.4,5,,,,,2.5in,,
Seagate,Datacenter,Hard drive,53.76,0.8570,12.8,5,,,,,3.5in,,
Seagate,Datacenter,Hard drive,195.072,0.7790,42.4,5,,,,,,,
Seagate,Datacenter,SAN/NAS,190000,0.9652,14800,10,,,,,,,
Seagate,Datacenter,Hard drive,205,0.6600,23.6,3,,,,,,,
Seagate,Datacenter,Hard drive,117.75,0.8800,29.04,5,,,,,2.5in,,
